일차,hour,purchase_count,buyer_count,avg_dwell,avg_price,conversion_proxy
1,10,32,18,7.371875,6425.0,0.05333333333333334
1,11,46,26,6.606521739130434,8852.173913043478,0.07666666666666666
1,12,51,33,6.2823529411764705,6992.156862745098,0.085
1,13,57,36,6.203508771929825,6891.228070175439,0.095
1,14,66,40,6.95,10248.484848484848,0.11
1,15,69,38,6.494202898550725,5737.68115942029,0.115
1,16,55,34,7.3163636363636355,9987.272727272728,0.09166666666666666
1,17,53,37,6.249056603773584,6062.264150943396,0.08833333333333333
1,18,48,26,6.829166666666667,6718.75,0.08
1,19,59,37,7.15593220338983,9115.254237288136,0.09833333333333333
1,20,32,18,6.875,8840.625,0.05333333333333334
1,21,32,20,6.984375,7637.5,0.05333333333333334
2,10,36,26,5.7555555555555555,3302.777777777778,0.0547945205479452
2,11,60,33,6.95,5530.0,0.091324200913242
2,12,48,32,7.139583333333333,8152.083333333333,0.0730593607305936
2,13,70,41,7.162857142857143,7431.428571428572,0.106544901065449
2,14,77,40,6.301298701298701,8336.363636363636,0.1171993911719939
2,15,50,32,7.016,7190.0,0.076103500761035
2,16,49,31,6.542857142857144,6993.877551020408,0.0745814307458143
2,17,59,37,6.876271186440678,7249.152542372882,0.0898021308980213
2,18,79,45,6.653164556962025,7245.569620253164,0.1202435312024353
2,19,60,36,6.906666666666666,5621.666666666667,0.091324200913242
2,20,40,25,6.85,8772.5,0.060882800608828
2,21,29,19,6.962068965517242,8337.931034482759,0.0441400304414003
3,10,27,15,7.007407407407407,9188.888888888889,0.03988183161004431
3,11,47,30,5.985106382978723,6982.978723404255,0.06942392909896603
3,12,56,34,7.001785714285715,7507.142857142857,0.0827178729689808
3,13,67,43,6.817910447761194,7820.895522388059,0.09896602658788774
3,14,82,49,6.86829268292683,6591.463414634146,0.12112259970457903
3,15,50,31,6.404,8906.0,0.07385524372230429
3,16,70,40,7.45,7524.285714285715,0.103397341211226
3,17,68,42,6.923529411764706,6645.588235294118,0.10044313146233383
3,18,84,51,7.139285714285715,9135.714285714286,0.1240768094534712
3,19,54,34,7.059259259259259,7366.666666666667,0.07976366322008863
3,20,47,24,6.702127659574468,7323.404255319149,0.06942392909896603
3,21,25,15,6.892,6836.0,0.03692762186115214
4,10,41,25,6.765853658536585,7324.390243902439,0.05137844611528822
4,11,43,27,6.951162790697674,4786.046511627907,0.05388471177944862
4,12,66,45,6.837878787878788,6792.424242424242,0.08270676691729323
4,13,80,48,6.90375,7983.75,0.10025062656641603
4,14,96,59,6.54375,7668.75,0.12030075187969924
4,15,89,52,6.991011235955057,6637.078651685393,0.11152882205513784
4,16,61,38,6.826229508196721,8662.295081967213,0.07644110275689223
4,17,77,42,7.014285714285714,8884.415584415585,0.09649122807017543
4,18,78,48,6.961538461538462,6542.307692307692,0.09774436090225563
4,19,73,41,7.060273972602739,7413.698630136986,0.09147869674185463
4,20,56,31,7.264285714285714,10071.42857142857,0.07017543859649122
4,21,38,21,7.328947368421052,6447.368421052632,0.047619047619047616
5,10,34,23,6.835294117647059,11126.470588235294,0.04755244755244755
5,11,41,26,6.9121951219512185,7117.073170731707,0.057342657342657345
5,12,49,28,6.7122448979591836,7461.224489795918,0.06853146853146853
5,13,70,43,6.88,8417.142857142857,0.0979020979020979
5,14,76,49,6.696052631578947,7164.473684210527,0.1062937062937063
5,15,76,43,6.96578947368421,9434.21052631579,0.1062937062937063
5,16,60,34,7.003333333333333,8045.0,0.08391608391608392
5,17,71,43,6.419718309859155,10864.788732394367,0.0993006993006993
5,18,83,46,7.0530120481927705,7863.855421686747,0.11608391608391608
5,19,53,33,6.947169811320754,8988.67924528302,0.07412587412587412
5,20,57,36,6.640350877192983,5957.894736842105,0.07972027972027972
5,21,45,27,6.702222222222223,8157.777777777777,0.06293706293706294
6,10,29,17,7.017241379310345,7127.586206896552,0.0464
6,11,38,26,6.836842105263158,5778.9473684210525,0.0608
6,12,35,22,6.56,5748.571428571428,0.056
6,13,75,46,6.454666666666666,6666.666666666667,0.12
6,14,83,52,6.727710843373494,6913.253012048192,0.1328
6,15,72,37,6.699999999999999,8941.666666666666,0.1152
6,16,55,38,5.932727272727273,7298.181818181818,0.088
6,17,47,33,6.719148936170213,6821.276595744681,0.0752
6,18,65,41,6.983076923076923,8752.307692307691,0.104
6,19,39,28,7.035897435897435,7366.666666666667,0.0624
6,20,49,31,6.697959183673469,9493.877551020409,0.0784
6,21,38,22,6.563157894736842,10828.947368421053,0.0608
7,10,42,29,7.261904761904762,7402.380952380952,0.0498220640569395
7,11,47,30,6.748936170212766,9259.574468085106,0.05575326215895611
7,12,65,39,7.241538461538461,7356.923076923077,0.0771055753262159
7,13,92,61,6.998913043478261,8080.434782608696,0.10913404507710557
7,14,80,50,7.172499999999999,8288.75,0.09489916963226572
7,15,93,55,6.594623655913978,8739.78494623656,0.1103202846975089
7,16,76,45,7.007894736842106,6321.0526315789475,0.09015421115065243
7,17,80,53,6.891249999999999,7272.5,0.09489916963226572
7,18,89,53,6.152808988764045,7180.898876404494,0.1055753262158956
7,19,83,49,6.749397590361446,6993.975903614458,0.09845788849347568
7,20,63,35,7.444444444444445,8820.63492063492,0.07473309608540925
7,21,33,25,7.621212121212121,8727.272727272728,0.03914590747330961
8,10,28,16,5.896428571428571,8128.571428571428,0.05907172995780591
8,11,43,24,6.786046511627907,8293.023255813954,0.09071729957805907
8,12,38,23,7.086842105263158,8557.894736842105,0.08016877637130802
8,13,37,24,7.035135135135135,7924.324324324324,0.07805907172995781
8,14,35,22,7.025714285714286,9062.857142857143,0.07383966244725738
8,15,47,30,6.614893617021276,7725.531914893617,0.09915611814345991
8,16,41,22,6.763414634146342,7009.756097560976,0.08649789029535865
8,17,59,35,7.032203389830508,7152.542372881356,0.12447257383966245
8,18,51,34,6.6117647058823525,7641.176470588235,0.10759493670886076
8,19,49,31,5.922448979591836,8236.734693877552,0.10337552742616034
8,20,21,10,6.642857142857143,5604.761904761905,0.04430379746835443
8,21,25,16,6.803999999999999,7904.0,0.052742616033755275
9,10,23,14,6.686956521739131,8756.521739130434,0.029754204398447608
9,11,57,33,7.135087719298245,6896.491228070176,0.07373868046571798
9,12,61,41,6.70655737704918,8386.88524590164,0.07891332470892626
9,13,83,48,7.2132530120481935,8246.987951807228,0.1073738680465718
9,14,69,42,6.440579710144927,6811.594202898551,0.08926261319534282
9,15,59,35,6.7101694915254235,6508.474576271186,0.07632600258732213
9,16,73,48,6.675342465753425,7141.095890410959,0.0944372574385511
9,17,87,54,7.174712643678162,6728.735632183908,0.11254851228978008
9,18,87,50,7.05632183908046,7219.540229885058,0.11254851228978008
9,19,70,40,6.8757142857142854,6605.714285714285,0.09055627425614489
9,20,67,42,6.2298507462686565,8834.328358208955,0.08667529107373868
9,21,37,22,7.418918918918919,9267.567567567568,0.047865459249676584
10,10,26,20,6.338461538461539,6023.076923076923,0.036775106082036775
10,11,36,21,6.855555555555555,10030.555555555555,0.05091937765205092
10,12,62,34,7.401612903225806,6672.580645161291,0.0876944837340877
10,13,58,39,6.665517241379311,7565.517241379311,0.08203677510608204
10,14,77,48,6.5051948051948045,7141.558441558442,0.10891089108910891
10,15,81,53,6.797530864197531,8546.913580246914,0.11456859971711457
10,16,73,45,6.853424657534247,6936.986301369863,0.10325318246110325
10,17,72,43,6.763888888888889,7937.5,0.10183875530410184
10,18,83,50,7.014457831325302,9460.240963855422,0.1173974540311174
10,19,66,39,6.4803030303030305,7892.424242424242,0.09335219236209336
10,20,35,21,6.834285714285714,7162.857142857143,0.04950495049504951
10,21,38,28,6.515789473684211,7750.0,0.05374823196605375
11,10,31,18,6.280645161290322,8806.451612903225,0.04640718562874251
11,11,50,29,6.944,8654.0,0.0748502994011976
11,12,54,33,7.3314814814814815,5185.185185185185,0.08083832335329341
11,13,82,52,6.475609756097561,7571.951219512195,0.12275449101796407
11,14,78,45,6.826923076923077,9025.641025641025,0.11676646706586827
11,15,69,40,6.708695652173913,8423.188405797102,0.10329341317365269
11,16,70,44,7.015714285714286,6694.285714285715,0.10479041916167664
11,17,61,39,6.759016393442623,7450.819672131148,0.09131736526946108
11,18,63,36,6.796825396825397,9188.888888888889,0.09431137724550898
11,19,51,27,7.3882352941176475,6129.411764705882,0.07634730538922156
11,20,30,21,7.05,5646.666666666667,0.04491017964071856
11,21,29,18,6.686206896551725,5517.241379310345,0.04341317365269461
12,10,28,15,7.585714285714286,10146.42857142857,0.04895104895104895
12,11,44,28,6.904545454545455,7800.0,0.07692307692307693
12,12,63,38,6.998412698412698,8341.269841269841,0.11013986013986014
12,13,76,44,6.646052631578947,8592.105263157895,0.13286713286713286
12,14,47,29,6.334042553191489,5848.936170212766,0.08216783216783216
12,15,54,33,6.764814814814815,10068.518518518518,0.0944055944055944
12,16,53,34,6.7924528301886795,7726.415094339623,0.09265734265734266
12,17,57,35,6.752631578947368,7661.403508771929,0.09965034965034965
12,18,52,34,6.436538461538461,6211.538461538462,0.09090909090909091
12,19,36,23,6.358333333333333,7675.0,0.06293706293706294
12,20,33,22,6.575757575757576,6678.787878787879,0.057692307692307696
12,21,29,15,8.179310344827586,7075.862068965517,0.050699300699300696
13,10,29,16,6.844827586206897,7631.0344827586205,0.03680203045685279
13,11,42,29,6.464285714285714,8145.238095238095,0.0532994923857868
13,12,78,47,6.964102564102565,6920.51282051282,0.09898477157360407
13,13,57,39,6.629824561403509,7991.228070175439,0.07233502538071065
13,14,91,57,6.732967032967033,7452.747252747253,0.11548223350253807
13,15,72,39,6.952777777777778,7352.777777777777,0.09137055837563451
13,16,78,43,6.792307692307692,5788.461538461538,0.09898477157360407
13,17,64,45,6.4296875,7715.625,0.08121827411167512
13,18,101,61,6.928712871287129,6772.277227722772,0.1281725888324873
13,19,37,28,6.045945945945946,8181.081081081081,0.046954314720812185
13,20,76,44,6.701315789473685,6242.105263157895,0.09644670050761421
13,21,63,37,6.8349206349206355,6858.730158730159,0.0799492385786802
14,10,47,26,6.7468085106382985,5678.723404255319,0.054461181923522596
14,11,69,40,6.843478260869565,8011.594202898551,0.07995365005793743
14,12,71,44,6.561971830985915,9753.521126760563,0.08227114716106605
14,13,119,71,6.481512605042016,7503.361344537815,0.13789107763615296
14,14,83,53,6.891566265060241,9898.795180722891,0.09617612977983778
14,15,85,52,6.616470588235294,7297.64705882353,0.0984936268829664
14,16,88,46,6.6909090909090905,6751.136363636364,0.10196987253765932
14,17,78,47,6.444871794871795,7508.974358974359,0.09038238702201622
14,18,60,42,6.196666666666667,7301.666666666667,0.06952491309385864
14,19,56,33,6.632142857142857,7994.642857142857,0.06488991888760139
14,20,58,31,7.113793103448276,6806.896551724138,0.06720741599073002
14,21,49,27,6.914285714285715,5338.775510204082,0.056778679026651215
15,10,21,16,6.199999999999999,9928.57142857143,0.03910614525139665
15,11,44,26,7.004545454545454,6859.090909090909,0.08193668528864059
15,12,55,35,6.441818181818182,7489.090909090909,0.10242085661080075
15,13,52,32,6.076923076923077,7871.153846153846,0.09683426443202979
15,14,65,38,6.336923076923076,7733.846153846154,0.12104283054003724
15,15,41,24,7.241463414634146,8956.09756097561,0.07635009310986965
15,16,43,25,7.416279069767441,7120.930232558139,0.08007448789571694
15,17,41,26,6.782926829268293,6926.829268292683,0.07635009310986965
15,18,58,33,6.998275862068965,7100.0,0.10800744878957169
15,19,44,28,6.615909090909091,5427.272727272727,0.08193668528864059
15,20,41,24,6.936585365853658,5792.682926829269,0.07635009310986965
15,21,32,17,6.590625,9212.5,0.0595903165735568
16,10,26,16,6.707692307692308,7400.0,0.05394190871369295
16,11,37,22,6.735135135135135,9613.513513513513,0.07676348547717843
16,12,52,36,5.949999999999999,6425.0,0.1078838174273859
16,13,52,33,7.025,6973.076923076923,0.1078838174273859
16,14,56,32,6.998214285714285,8605.357142857143,0.11618257261410789
16,15,48,25,7.285416666666666,12225.0,0.0995850622406639
16,16,46,28,6.506521739130435,6569.565217391304,0.0954356846473029
16,17,35,24,6.462857142857143,6734.285714285715,0.07261410788381743
16,18,36,26,7.188888888888889,8100.0,0.07468879668049792
16,19,46,26,6.517391304347826,5395.652173913043,0.0954356846473029
16,20,23,14,6.51304347826087,7073.913043478261,0.04771784232365145
16,21,25,16,6.244,8876.0,0.05186721991701245
17,10,31,21,6.838709677419355,12932.258064516129,0.045722713864306784
17,11,37,24,6.078378378378378,7224.324324324324,0.05457227138643068
17,12,70,44,6.651428571428572,6612.857142857143,0.10324483775811209
17,13,87,51,7.048275862068966,7885.057471264367,0.12831858407079647
17,14,83,47,6.118072289156626,9003.614457831325,0.1224188790560472
17,15,69,45,6.776811594202899,8092.753623188406,0.10176991150442478
17,16,54,34,7.105555555555555,7307.407407407408,0.07964601769911504
17,17,57,39,7.284210526315789,8891.228070175439,0.084070796460177
17,18,71,49,7.029577464788733,7769.014084507042,0.10471976401179942
17,19,60,34,6.8933333333333335,6475.0,0.08849557522123894
17,20,32,23,7.090625,5609.375,0.0471976401179941
17,21,27,17,6.681481481481482,6911.111111111111,0.03982300884955752
18,10,43,28,6.560465116279071,7704.6511627906975,0.05931034482758621
18,11,35,21,6.371428571428571,5051.428571428572,0.04827586206896552
18,12,65,41,6.870769230769231,7490.7692307692305,0.0896551724137931
18,13,71,44,6.563380281690141,8640.845070422536,0.09793103448275862
18,14,80,50,6.1987499999999995,6727.5,0.1103448275862069
18,15,65,43,6.764615384615384,7987.692307692308,0.0896551724137931
18,16,66,40,7.024242424242424,9615.151515151516,0.0910344827586207
18,17,79,51,6.832911392405062,6473.4177215189875,0.10896551724137932
18,18,69,37,7.091304347826087,9182.608695652174,0.09517241379310344
18,19,61,40,6.6000000000000005,8298.360655737704,0.08413793103448276
18,20,34,21,6.794117647058823,5955.882352941177,0.04689655172413793
18,21,57,31,6.582456140350877,8557.894736842105,0.07862068965517241
19,10,44,21,6.736363636363635,7372.727272727273,0.06800618238021638
19,11,55,32,7.067272727272727,5690.909090909091,0.08500772797527048
19,12,64,43,6.325,6264.0625,0.09891808346213292
19,13,68,44,7.026470588235294,7822.058823529412,0.10510046367851623
19,14,82,48,6.775609756097562,7709.756097560976,0.1267387944358578
19,15,62,36,6.967741935483871,7312.903225806452,0.09582689335394126
19,16,45,32,7.142222222222221,8571.111111111111,0.0695517774343122
19,17,50,31,7.086,8340.0,0.07727975270479134
19,18,47,36,6.742553191489361,6438.297872340426,0.07264296754250386
19,19,53,30,6.158490566037735,7184.905660377359,0.08191653786707882
19,20,40,27,6.7625,5840.0,0.061823802163833076
19,21,37,25,6.978378378378378,7054.054054054054,0.0571870170015456
20,10,34,21,7.017647058823529,6885.294117647059,0.03728070175438596
20,11,43,31,6.211627906976744,8986.046511627907,0.047149122807017545
20,12,81,43,7.096296296296296,8830.864197530864,0.08881578947368421
20,13,106,68,6.370754716981132,7641.509433962264,0.1162280701754386
20,14,79,53,7.167088607594938,7706.329113924051,0.08662280701754387
20,15,83,53,7.392771084337349,6832.530120481928,0.09100877192982457
20,16,78,44,6.97948717948718,7369.2307692307695,0.08552631578947369
20,17,86,56,6.732558139534884,6662.790697674419,0.09429824561403509
20,18,93,57,6.597849462365591,6177.419354838709,0.10197368421052631
20,19,102,58,6.647058823529412,6710.78431372549,0.1118421052631579
20,20,80,43,6.35375,6707.5,0.08771929824561403
20,21,47,29,6.578723404255319,6970.212765957447,0.051535087719298246
21,10,53,32,6.6415094339622645,7930.188679245283,0.05452674897119342
21,11,63,39,6.9603174603174605,6496.825396825397,0.06481481481481481
21,12,70,43,6.347142857142857,6891.428571428572,0.0720164609053498
21,13,112,68,6.78125,6794.642857142857,0.11522633744855967
21,14,118,71,7.095762711864406,8243.22033898305,0.12139917695473251
21,15,93,55,6.704301075268817,7638.709677419355,0.09567901234567901
21,16,84,51,6.5476190476190474,7182.142857142857,0.08641975308641975
21,17,103,58,6.998058252427184,6179.611650485437,0.10596707818930041
21,18,70,42,6.88,8438.57142857143,0.0720164609053498
21,19,83,51,6.349397590361446,7256.626506024097,0.08539094650205761
21,20,65,36,7.195384615384615,7272.307692307692,0.0668724279835391
21,21,58,35,6.658620689655172,6925.862068965517,0.059670781893004114
22,10,44,26,6.286363636363637,7336.363636363636,0.06102635228848821
22,11,45,29,6.775555555555555,9006.666666666666,0.06241331484049931
22,12,70,41,6.531428571428571,7575.714285714285,0.0970873786407767
22,13,77,48,6.661038961038961,5742.857142857143,0.10679611650485436
22,14,94,52,6.976595744680851,7042.553191489362,0.130374479889043
22,15,85,51,6.704705882352941,7414.117647058823,0.11789181692094314
22,16,54,32,6.596296296296296,7644.444444444444,0.07489597780859916
22,17,67,39,7.159701492537313,8200.0,0.09292649098474341
22,18,73,40,7.060273972602739,7408.219178082192,0.10124826629680998
22,19,45,32,7.088888888888889,12951.111111111111,0.06241331484049931
22,20,36,20,6.633333333333334,9013.888888888889,0.049930651872399444
22,21,31,17,7.52258064516129,8093.548387096775,0.04299583911234397
23,10,49,29,7.218367346938775,7934.693877551021,0.0649867374005305
23,11,56,35,6.958928571428571,8373.214285714286,0.07427055702917772
23,12,85,47,6.515294117647058,8205.882352941177,0.11273209549071618
23,13,72,39,6.398611111111111,7594.444444444444,0.09549071618037135
23,14,103,53,7.066019417475728,7274.757281553398,0.13660477453580902
23,15,63,37,7.147619047619048,8866.666666666666,0.08355437665782493
23,16,75,44,6.894666666666667,7525.333333333333,0.09946949602122016
23,17,58,37,6.974137931034483,7496.551724137931,0.07692307692307693
23,18,54,36,5.981481481481482,7516.666666666667,0.07161803713527852
23,19,63,41,6.388888888888889,5330.158730158731,0.08355437665782493
23,20,44,27,6.381818181818182,5736.363636363636,0.058355437665782495
23,21,32,22,7.078125,8103.125,0.042440318302387266
24,10,45,26,7.306666666666667,8173.333333333333,0.059602649006622516
24,11,59,32,7.167796610169491,6427.118644067797,0.0781456953642384
24,12,51,34,6.213725490196078,7307.843137254902,0.06754966887417219
24,13,101,55,7.147524752475247,6936.633663366337,0.1337748344370861
24,14,83,51,6.619277108433734,7392.77108433735,0.10993377483443709
24,15,98,56,6.604081632653061,7120.408163265306,0.12980132450331125
24,16,61,41,6.611475409836066,10126.22950819672,0.08079470198675497
24,17,69,38,6.998550724637681,9984.057971014492,0.0913907284768212
24,18,57,32,7.050877192982456,7926.315789473684,0.07549668874172186
24,19,55,33,7.050909090909091,7505.454545454545,0.0728476821192053
24,20,48,29,7.279166666666666,6216.666666666667,0.06357615894039735
24,21,28,18,6.95,8550.0,0.03708609271523179
25,10,29,19,6.920689655172414,7065.517241379311,0.05675146771037182
25,11,31,18,6.980645161290322,6774.193548387097,0.060665362035225046
25,12,36,22,6.052777777777778,6733.333333333333,0.07045009784735812
25,13,59,37,6.506779661016949,9323.728813559323,0.11545988258317025
25,14,60,34,6.569999999999999,7233.333333333333,0.11741682974559686
25,15,51,35,7.531372549019609,8292.156862745098,0.09980430528375733
25,16,36,22,6.847222222222222,6763.888888888889,0.07045009784735812
25,17,49,29,6.7122448979591836,6318.367346938776,0.0958904109589041
25,18,37,23,6.3621621621621625,7545.945945945946,0.07240704500978473
25,19,52,33,6.367307692307692,7382.692307692308,0.10176125244618395
25,20,38,22,6.894736842105263,9200.0,0.07436399217221135
25,21,33,19,6.263636363636364,6406.060606060606,0.06457925636007827
26,10,15,12,6.9399999999999995,7666.666666666667,0.021834061135371178
26,11,45,29,6.695555555555556,7611.111111111111,0.06550218340611354
26,12,68,42,6.476470588235294,5860.294117647059,0.09898107714701601
26,13,76,43,6.873684210526315,8530.263157894737,0.11062590975254731
26,14,79,45,6.906329113924051,6330.379746835443,0.11499272197962154
26,15,83,53,7.004819277108433,6566.265060240964,0.12081513828238719
26,16,57,39,6.387719298245615,7798.245614035088,0.08296943231441048
26,17,76,40,7.317105263157895,7946.0526315789475,0.11062590975254731
26,18,59,37,6.483050847457627,8247.457627118643,0.0858806404657933
26,19,59,34,6.83728813559322,8849.152542372882,0.0858806404657933
26,20,33,19,6.366666666666666,7327.272727272727,0.048034934497816595
26,21,37,21,7.186486486486487,7205.405405405405,0.053857350800582245
27,10,51,29,6.905882352941176,7278.431372549019,0.05730337078651685
27,11,56,32,6.923214285714286,7816.071428571428,0.06292134831460675
27,12,93,48,7.27741935483871,6331.182795698925,0.10449438202247191
27,13,85,53,6.521176470588235,7256.470588235294,0.09550561797752809
27,14,107,66,6.392523364485982,7176.6355140186915,0.12022471910112359
27,15,83,53,6.619277108433734,7018.0722891566265,0.09325842696629214
27,16,76,45,6.853947368421053,6430.263157894737,0.0853932584269663
27,17,69,44,6.271014492753623,6017.391304347826,0.07752808988764046
27,18,78,52,6.8769230769230765,7697.4358974358975,0.08764044943820225
27,19,76,42,6.744736842105263,6934.210526315789,0.0853932584269663
27,20,73,39,6.875342465753424,7317.808219178082,0.08202247191011236
27,21,43,28,6.81860465116279,8190.697674418605,0.048314606741573035
28,10,71,41,6.666197183098592,7105.633802816901,0.07215447154471545
28,11,68,42,6.730882352941176,6702.941176470588,0.06910569105691057
28,12,102,64,6.647058823529412,7852.941176470588,0.10365853658536585
28,13,112,65,7.0062500000000005,7544.642857142857,0.11382113821138211
28,14,80,51,6.76,8371.25,0.08130081300813008
28,15,92,60,7.373913043478261,8293.478260869566,0.09349593495934959
28,16,75,52,6.273333333333333,8542.666666666666,0.07621951219512195
28,17,108,63,7.003703703703703,8062.037037037037,0.10975609756097561
28,18,82,42,6.896341463414634,7802.4390243902435,0.08333333333333333
28,19,89,55,6.747191011235955,7994.38202247191,0.09044715447154472
28,20,42,34,6.788095238095239,8238.095238095239,0.042682926829268296
28,21,63,38,7.026984126984127,9615.873015873016,0.06402439024390244
29,10,13,9,6.092307692307693,8930.76923076923,0.020833333333333332
29,11,31,19,7.216129032258064,7532.258064516129,0.049679487179487176
29,12,44,28,6.3977272727272725,6745.454545454545,0.07051282051282051
29,13,76,46,7.057894736842105,7498.684210526316,0.12179487179487179
29,14,78,46,6.698717948717949,9438.461538461539,0.125
29,15,68,42,6.283823529411765,6254.411764705882,0.10897435897435898
29,16,70,38,6.724285714285714,8412.857142857143,0.11217948717948718
29,17,51,34,6.607843137254902,4517.64705882353,0.08173076923076923
29,18,52,29,7.109615384615385,5463.461538461538,0.08333333333333333
29,19,59,35,7.020338983050848,8072.881355932203,0.09455128205128205
29,20,47,30,6.093617021276596,7321.276595744681,0.07532051282051282
29,21,35,18,6.897142857142858,5654.285714285715,0.05608974358974359
30,10,29,18,6.717241379310345,8234.48275862069,0.0651685393258427
30,11,29,16,7.020689655172413,5772.413793103448,0.0651685393258427
30,12,43,27,6.909302325581396,7093.023255813953,0.09662921348314607
30,13,37,25,6.867567567567567,5921.621621621622,0.08314606741573034
30,14,37,22,6.897297297297297,6245.945945945946,0.08314606741573034
30,15,52,34,6.56923076923077,7425.0,0.11685393258426967
30,16,33,21,7.309090909090909,6724.242424242424,0.07415730337078652
30,17,35,21,6.4799999999999995,7160.0,0.07865168539325842
30,18,43,29,7.027906976744186,7337.209302325581,0.09662921348314607
30,19,35,23,7.022857142857142,8654.285714285714,0.07865168539325842
30,20,51,29,6.958823529411764,11274.509803921568,0.1146067415730337
30,21,21,14,6.366666666666666,10685.714285714286,0.04719101123595506
31,10,24,14,6.520833333333333,8029.166666666667,0.05010438413361169
31,11,26,15,7.046153846153846,6500.0,0.054279749478079335
31,12,58,35,7.4655172413793105,7379.310344827586,0.12108559498956159
31,13,45,26,6.891111111111112,7422.222222222223,0.09394572025052192
31,14,70,43,6.8757142857142854,6185.714285714285,0.14613778705636743
31,15,39,25,6.358974358974359,5907.692307692308,0.081419624217119
31,16,36,25,6.208333333333333,4680.555555555556,0.07515657620041753
31,17,25,14,6.98,7368.0,0.05219206680584551
31,18,59,31,7.377966101694915,7440.677966101695,0.12317327766179541
31,19,31,20,7.032258064516129,11251.612903225807,0.06471816283924843
31,20,43,26,7.037209302325582,5667.441860465116,0.08977035490605428
31,21,23,16,6.360869565217392,7956.521739130435,0.04801670146137787
32,10,36,23,6.647222222222222,6936.111111111111,0.04321728691476591
32,11,55,34,6.612727272727272,8709.09090909091,0.06602641056422569
32,12,77,46,6.845454545454546,7442.857142857143,0.09243697478991597
32,13,88,52,6.218181818181819,8137.5,0.1056422569027611
32,14,79,55,6.660759493670887,8325.316455696202,0.09483793517406963
32,15,107,60,7.186915887850467,7909.345794392523,0.12845138055222088
32,16,69,41,7.097101449275362,7647.826086956522,0.08283313325330131
32,17,75,47,6.661333333333333,7306.666666666667,0.09003601440576231
32,18,97,54,6.793814432989691,8142.268041237114,0.11644657863145258
32,19,70,37,7.554285714285713,8827.142857142857,0.08403361344537816
32,20,52,39,6.463461538461539,8201.923076923076,0.062424969987995196
32,21,28,18,6.260714285714286,10625.0,0.03361344537815126
33,10,40,24,6.76,6885.0,0.05291005291005291
33,11,36,26,6.733333333333333,10080.555555555555,0.047619047619047616
33,12,56,37,6.580357142857143,8398.214285714286,0.07407407407407407
33,13,106,61,6.719811320754717,8266.037735849057,0.1402116402116402
33,14,103,66,7.05631067961165,8467.961165048544,0.13624338624338625
33,15,76,41,6.8500000000000005,7336.8421052631575,0.10052910052910052
33,16,66,40,6.568181818181818,8384.848484848484,0.0873015873015873
33,17,66,44,6.728787878787879,8842.424242424242,0.0873015873015873
33,18,73,47,6.982191780821918,9121.917808219177,0.09656084656084656
33,19,73,42,6.813698630136986,6415.068493150685,0.09656084656084656
33,20,32,18,7.64375,9903.125,0.042328042328042326
33,21,29,18,6.427586206896552,4631.0344827586205,0.03835978835978836
34,10,44,27,6.418181818181818,7547.727272727273,0.057068741893644616
34,11,56,34,7.548214285714286,6783.928571428572,0.07263294422827497
34,12,90,50,6.772222222222222,6738.888888888889,0.11673151750972763
34,13,76,46,6.2328947368421055,5677.631578947368,0.09857328145265888
34,14,76,42,6.731578947368422,5931.578947368421,0.09857328145265888
34,15,67,43,7.208955223880597,8000.0,0.08690012970168612
34,16,55,35,7.28909090909091,7741.818181818182,0.07133592736705577
34,17,66,39,6.877272727272728,7513.636363636364,0.08560311284046693
34,18,76,45,6.613157894736841,8005.263157894737,0.09857328145265888
34,19,79,45,7.102531645569621,7358.227848101265,0.10246433203631647
34,20,38,27,6.147368421052631,6150.0,0.04928664072632944
34,21,48,25,6.804166666666667,5168.75,0.0622568093385214
35,10,44,28,6.797727272727273,8445.454545454546,0.05098493626882966
35,11,65,42,7.061538461538461,6300.0,0.07531865585168018
35,12,75,45,7.148000000000001,8506.666666666666,0.08690614136732329
35,13,89,52,6.656179775280899,6746.067415730337,0.10312862108922363
35,14,98,64,6.807142857142857,6539.7959183673465,0.11355735805330243
35,15,76,49,6.536842105263158,7223.684210526316,0.0880648899188876
35,16,75,45,7.018666666666666,6970.666666666667,0.08690614136732329
35,17,86,53,6.7337209302325585,7004.6511627906975,0.0996523754345307
35,18,73,42,6.867123287671233,6987.671232876713,0.08458864426419467
35,19,68,41,7.173529411764706,9169.117647058823,0.07879490150637311
35,20,72,39,6.805555555555555,9837.5,0.08342989571263036
35,21,42,26,6.392857142857143,6123.809523809524,0.04866743916570104
36,10,14,10,6.364285714285714,7157.142857142857,0.022151898734177215
36,11,31,17,6.812903225806451,8203.225806451614,0.0490506329113924
36,12,63,34,7.1460317460317455,10141.269841269841,0.09968354430379747
36,13,91,53,6.7736263736263735,7649.450549450549,0.1439873417721519
36,14,61,39,6.939344262295082,7127.868852459016,0.09651898734177215
36,15,69,40,6.823188405797102,7752.173913043478,0.10917721518987342
36,16,65,42,6.59076923076923,7629.2307692307695,0.10284810126582279
36,17,55,33,6.669090909090909,7729.090909090909,0.08702531645569621
36,18,54,29,6.998148148148148,9318.518518518518,0.08544303797468354
36,19,55,33,7.034545454545454,7401.818181818182,0.08702531645569621
36,20,46,25,6.543478260869565,5691.304347826087,0.07278481012658228
36,21,28,17,6.375,6846.428571428572,0.04430379746835443
37,10,35,20,5.865714285714286,6305.714285714285,0.055205047318611984
37,11,17,12,7.070588235294117,10841.176470588236,0.026813880126182965
37,12,66,39,6.692424242424242,7016.666666666667,0.10410094637223975
37,13,78,46,6.342307692307692,7225.641025641025,0.12302839116719243
37,14,66,39,6.836363636363636,8180.30303030303,0.10410094637223975
37,15,52,28,6.757692307692308,6473.076923076923,0.08201892744479496
37,16,61,38,6.619672131147541,7881.9672131147545,0.09621451104100946
37,17,62,35,6.90483870967742,9733.870967741936,0.09779179810725552
37,18,53,33,6.90754716981132,8507.547169811322,0.083596214511041
37,19,51,29,6.870588235294117,7756.862745098039,0.0804416403785489
37,20,39,26,5.966666666666667,6276.923076923077,0.061514195583596214
37,21,54,33,6.624074074074074,6903.7037037037035,0.08517350157728706
38,10,44,23,6.122727272727272,9565.90909090909,0.07470288624787776
38,11,42,25,7.078571428571429,8604.761904761905,0.07130730050933787
38,12,73,44,6.946575342465754,7165.753424657534,0.12393887945670629
38,13,59,36,6.667796610169491,7867.796610169492,0.100169779286927
38,14,48,32,6.704166666666667,10672.916666666666,0.08149405772495756
38,15,58,33,6.4879310344827585,7537.931034482759,0.09847198641765705
38,16,49,31,7.091836734693878,8189.7959183673465,0.0831918505942275
38,17,54,32,6.9907407407407405,9248.148148148148,0.09168081494057725
38,18,55,34,6.196363636363636,7340.0,0.0933786078098472
38,19,39,31,6.423076923076923,8564.102564102564,0.06621392190152801
38,20,28,18,7.189285714285715,6439.285714285715,0.04753820033955857
38,21,40,26,6.8775,8900.0,0.06791171477079797
39,10,32,22,7.528125,3678.125,0.04885496183206107
39,11,39,27,6.776923076923077,6389.74358974359,0.059541984732824425
39,12,46,28,6.886956521739131,6523.913043478261,0.07022900763358779
39,13,80,44,6.93,6432.5,0.12213740458015267
39,14,58,40,6.55,7886.206896551724,0.08854961832061069
39,15,37,26,5.821621621621622,6975.675675675676,0.05648854961832061
39,16,70,44,6.322857142857143,8054.285714285715,0.10687022900763359
39,17,73,48,6.364383561643836,6534.246575342466,0.11145038167938931
39,18,73,44,6.846575342465753,8346.575342465754,0.11145038167938931
39,19,65,39,7.152307692307692,8327.692307692309,0.09923664122137404
39,20,47,27,6.117021276595745,6587.234042553191,0.0717557251908397
39,21,35,21,6.868571428571428,7637.142857142857,0.05343511450381679
40,10,33,21,6.809090909090909,10072.727272727272,0.04748201438848921
40,11,50,32,6.664,8486.0,0.07194244604316546
40,12,59,38,6.98135593220339,7750.847457627118,0.08489208633093526
40,13,96,58,6.9375,7891.666666666667,0.1381294964028777
40,14,71,44,6.3042253521126765,6567.605633802817,0.10215827338129496
40,15,72,49,6.3069444444444445,7156.944444444444,0.10359712230215827
40,16,63,40,6.898412698412699,7249.206349206349,0.09064748201438849
40,17,45,33,6.002222222222223,5817.777777777777,0.06474820143884892
40,18,68,38,6.752941176470588,7147.058823529412,0.09784172661870504
40,19,49,28,6.940816326530613,6677.551020408163,0.07050359712230216
40,20,51,33,7.119607843137255,8601.960784313726,0.07338129496402877
40,21,38,25,7.194736842105263,8623.684210526315,0.05467625899280575
41,10,53,34,6.996226415094339,7907.547169811321,0.05391658189216684
41,11,62,34,7.388709677419355,6930.645161290323,0.06307222787385554
41,12,73,42,6.749315068493151,7505.479452054795,0.07426246185147507
41,13,109,70,6.968807339449541,7377.981651376147,0.11088504577822991
41,14,116,71,6.516379310344828,8192.241379310344,0.11800610376398779
41,15,97,56,6.629896907216495,6743.298969072165,0.09867751780264497
41,16,92,51,7.084782608695652,6755.434782608696,0.0935910478128179
41,17,87,53,6.906896551724138,8089.6551724137935,0.08850457782299084
41,18,102,64,6.54607843137255,7486.274509803921,0.10376398779247202
41,19,88,54,6.611363636363635,6804.545454545455,0.08952187182095625
41,20,67,43,7.3910447761194025,8341.791044776119,0.0681586978636826
41,21,37,22,6.316216216216216,7829.72972972973,0.03763987792472025
42,10,39,25,7.064102564102564,6897.4358974358975,0.05508474576271186
42,11,41,27,6.94390243902439,5985.365853658536,0.05790960451977401
42,12,45,26,7.224444444444445,8451.111111111111,0.0635593220338983
42,13,77,48,7.207792207792208,7515.584415584415,0.10875706214689265
42,14,77,48,6.502597402597402,6475.324675324675,0.10875706214689265
42,15,66,38,6.803030303030303,8259.09090909091,0.09322033898305085
42,16,72,42,6.830555555555556,6229.166666666667,0.1016949152542373
42,17,75,50,6.184,5816.0,0.1059322033898305
42,18,81,55,7.050617283950618,8154.320987654321,0.11440677966101695
42,19,58,36,7.517241379310345,8855.172413793103,0.08192090395480225
42,20,57,29,6.492982456140351,6773.684210526316,0.08050847457627118
42,21,20,14,5.975,5325.0,0.02824858757062147
43,10,22,16,7.49090909090909,4340.909090909091,0.027777777777777776
43,11,52,29,6.7288461538461535,7313.461538461538,0.06565656565656566
43,12,66,40,6.865151515151515,9263.636363636364,0.08333333333333333
43,13,93,52,7.017204301075269,8230.10752688172,0.11742424242424243
43,14,80,51,6.52375,7586.25,0.10101010101010101
43,15,97,50,7.374226804123711,7986.59793814433,0.12247474747474747
43,16,92,51,7.297826086956522,7809.782608695652,0.11616161616161616
43,17,81,51,6.362962962962962,8744.444444444445,0.10227272727272728
43,18,67,41,6.456716417910447,7825.373134328358,0.0845959595959596
43,19,66,37,7.256060606060606,7312.121212121212,0.08333333333333333
43,20,57,31,6.3543859649122805,7692.982456140351,0.07196969696969698
43,21,19,13,7.252631578947369,9405.263157894737,0.023989898989898988
44,10,49,32,6.857142857142857,5883.673469387755,0.07967479674796749
44,11,38,26,6.3921052631578945,7842.105263157895,0.061788617886178863
44,12,50,30,6.938,7880.0,0.08130081300813008
44,13,68,43,7.260294117647058,7242.64705882353,0.11056910569105691
44,14,71,45,6.73661971830986,7130.985915492958,0.11544715447154472
44,15,56,36,6.6571428571428575,6171.428571428572,0.0910569105691057
44,16,51,29,6.394117647058824,6805.882352941177,0.08292682926829269
44,17,62,38,6.714516129032258,6148.387096774193,0.1008130081300813
44,18,58,38,6.551724137931035,7722.413793103448,0.0943089430894309
44,19,39,27,6.576923076923077,8705.128205128205,0.06341463414634146
44,20,37,22,6.972972972972973,7556.756756756757,0.06016260162601626
44,21,36,23,6.494444444444444,9330.555555555555,0.05853658536585366
45,10,37,24,6.545945945945945,9545.945945945947,0.05505952380952381
45,11,29,21,6.610344827586206,7441.379310344828,0.043154761904761904
45,12,69,41,7.188405797101449,7291.304347826087,0.10267857142857142
45,13,79,48,7.020253164556962,7577.215189873417,0.11755952380952381
45,14,60,35,6.178333333333333,6128.333333333333,0.08928571428571429
45,15,78,43,6.92948717948718,7716.666666666667,0.11607142857142858
45,16,67,45,6.165671641791045,5786.567164179104,0.09970238095238096
45,17,48,34,6.804166666666667,7035.416666666667,0.07142857142857142
45,18,80,49,6.955,8771.25,0.11904761904761904
45,19,56,35,7.276785714285714,7862.5,0.08333333333333333
45,20,32,21,7.128125,8950.0,0.047619047619047616
45,21,37,25,6.64054054054054,10202.702702702703,0.05505952380952381
46,10,37,21,6.9135135135135135,6537.8378378378375,0.04946524064171123
46,11,31,23,5.945161290322581,6241.935483870968,0.04144385026737968
46,12,69,44,6.278260869565218,6920.289855072464,0.09224598930481283
46,13,85,53,6.943529411764707,9938.823529411764,0.11363636363636363
46,14,93,52,6.739784946236559,9913.978494623656,0.12433155080213903
46,15,82,47,6.951219512195122,7592.682926829269,0.10962566844919786
46,16,66,39,6.081818181818181,7893.939393939394,0.08823529411764706
46,17,62,41,7.111290322580645,6185.4838709677415,0.08288770053475936
46,18,68,41,6.5588235294117645,5744.117647058823,0.09090909090909091
46,19,66,40,6.96969696969697,6922.727272727273,0.08823529411764706
46,20,71,46,6.838028169014085,6773.239436619719,0.09491978609625669
46,21,18,15,6.516666666666667,9727.777777777777,0.02406417112299465
47,10,52,26,7.428846153846154,6109.615384615385,0.05758582502768549
47,11,46,30,6.0978260869565215,6050.0,0.05094130675526024
47,12,96,53,7.138541666666666,7740.625,0.10631229235880399
47,13,96,58,6.660416666666666,10139.583333333334,0.10631229235880399
47,14,88,55,6.743181818181818,8560.227272727272,0.09745293466223699
47,15,95,58,6.349473684210527,8466.315789473685,0.10520487264673312
47,16,85,50,6.760000000000001,6092.941176470588,0.09413067552602436
47,17,84,49,6.914285714285714,6796.428571428572,0.09302325581395349
47,18,110,61,6.6881818181818184,7662.727272727273,0.12181616832779624
47,19,61,38,6.796721311475411,8885.245901639344,0.06755260243632337
47,20,51,27,6.241176470588235,7770.588235294118,0.05647840531561462
47,21,39,23,7.133333333333333,7382.051282051282,0.04318936877076412
48,10,43,26,6.765116279069767,7476.7441860465115,0.046038543897216275
48,11,64,36,6.846875,7412.5,0.06852248394004283
48,12,74,48,6.547297297297297,7878.378378378378,0.07922912205567452
48,13,103,66,6.273786407766991,8953.398058252427,0.11027837259100642
48,14,100,65,6.388999999999999,7111.0,0.10706638115631692
48,15,94,57,7.084042553191489,6721.276595744681,0.1006423982869379
48,16,110,58,6.767272727272727,8152.727272727273,0.11777301927194861
48,17,70,47,7.242857142857143,7970.0,0.07494646680942184
48,18,68,46,6.7250000000000005,5642.64705882353,0.0728051391862955
48,19,92,59,6.67608695652174,8290.217391304348,0.09850107066381156
48,20,70,39,6.692857142857143,9045.714285714286,0.07494646680942184
48,21,46,34,7.1521739130434785,7763.04347826087,0.04925053533190578
49,10,42,22,6.330952380952381,9945.238095238095,0.05817174515235457
49,11,52,34,6.6038461538461535,7426.923076923077,0.07202216066481995
49,12,74,44,6.463513513513513,8694.594594594595,0.10249307479224377
49,13,88,53,6.659090909090909,8425.0,0.12188365650969529
49,14,73,43,6.554794520547945,7139.726027397261,0.10110803324099724
49,15,66,41,6.356060606060606,6177.272727272727,0.09141274238227147
49,16,75,45,6.674666666666667,8960.0,0.1038781163434903
49,17,73,40,6.9082191780821915,9549.315068493152,0.10110803324099724
49,18,57,40,6.492982456140351,8096.491228070176,0.07894736842105263
49,19,65,37,6.276923076923077,7926.153846153846,0.09002770083102493
49,20,31,21,7.038709677419354,7880.645161290323,0.04293628808864266
49,21,26,14,7.153846153846154,7761.538461538462,0.036011080332409975
50,10,22,13,6.513636363636365,7068.181818181818,0.045174537987679675
50,11,29,18,7.606896551724137,10441.379310344828,0.059548254620123205
50,12,44,26,7.588636363636363,6611.363636363636,0.09034907597535935
50,13,34,24,6.544117647058823,7067.64705882353,0.06981519507186858
50,14,57,35,7.092982456140351,7492.982456140351,0.11704312114989733
50,15,51,29,7.135294117647058,9180.392156862745,0.10472279260780287
50,16,47,28,6.691489361702128,5863.829787234043,0.09650924024640657
50,17,63,34,7.044444444444444,9955.555555555555,0.1293634496919918
50,18,49,30,6.981632653061225,9034.69387755102,0.10061601642710473
50,19,41,24,6.773170731707316,6517.073170731707,0.08418891170431211
50,20,35,20,6.2371428571428575,7817.142857142857,0.07186858316221766
50,21,15,10,5.986666666666666,11980.0,0.030800821355236138
51,10,44,23,7.129545454545454,8134.090909090909,0.06636500754147813
51,11,53,30,6.786792452830189,8247.169811320755,0.07993966817496229
51,12,52,33,6.753846153846154,7165.384615384615,0.0784313725490196
51,13,63,39,6.382539682539683,6933.333333333333,0.09502262443438914
51,14,87,53,6.9045977011494255,7241.379310344828,0.13122171945701358
51,15,74,46,6.332432432432433,6685.135135135135,0.11161387631975868
51,16,35,24,7.1257142857142854,6182.857142857143,0.05279034690799397
51,17,57,34,6.091228070175438,8631.578947368422,0.08597285067873303
51,18,54,35,6.40925925925926,6742.592592592592,0.08144796380090498
51,19,52,34,6.782692307692307,5680.7692307692305,0.0784313725490196
51,20,52,26,7.269230769230769,5863.461538461538,0.0784313725490196
51,21,40,26,6.842499999999999,7795.0,0.06033182503770739
52,10,26,15,6.9692307692307685,7007.692307692308,0.038461538461538464
52,11,35,23,6.451428571428572,6134.285714285715,0.051775147928994084
52,12,50,29,7.314,8286.0,0.07396449704142012
52,13,100,50,6.496,8230.0,0.14792899408284024
52,14,75,44,6.894666666666667,7929.333333333333,0.11094674556213018
52,15,65,35,6.596923076923077,6756.923076923077,0.09615384615384616
52,16,61,32,6.813114754098361,6103.2786885245905,0.09023668639053255
52,17,78,45,6.80897435897436,8033.333333333333,0.11538461538461539
52,18,64,38,6.6984375,8382.8125,0.09467455621301775
52,19,52,29,7.088461538461539,8007.692307692308,0.07692307692307693
52,20,42,24,6.845238095238095,6223.809523809524,0.0621301775147929
52,21,28,19,7.132142857142857,3978.5714285714284,0.04142011834319527
53,10,45,29,6.482222222222222,7582.222222222223,0.05541871921182266
53,11,57,36,5.905263157894737,5014.035087719299,0.07019704433497537
53,12,91,57,6.837362637362638,5456.043956043956,0.11206896551724138
53,13,78,46,6.648717948717949,8285.897435897436,0.0960591133004926
53,14,62,37,6.699999999999999,6361.290322580645,0.07635467980295567
53,15,73,50,6.568493150684931,7917.808219178082,0.08990147783251232
53,16,69,43,7.094202898550725,6398.550724637681,0.08497536945812807
53,17,85,53,6.791764705882352,8070.588235294118,0.10467980295566502
53,18,104,64,6.4028846153846155,8255.76923076923,0.12807881773399016
53,19,60,38,6.5,6643.333333333333,0.07389162561576355
53,20,46,26,7.626086956521739,8789.130434782608,0.05665024630541872
53,21,42,24,7.216666666666667,7980.952380952381,0.05172413793103448
54,10,30,18,6.680000000000001,7820.0,0.042432814710042434
54,11,42,25,6.4523809523809526,7826.190476190476,0.0594059405940594
54,12,68,38,6.944117647058824,7626.470588235294,0.09618104667609619
54,13,78,49,7.0256410256410255,8698.71794871795,0.11032531824611033
54,14,74,45,6.736486486486487,7059.459459459459,0.10466760961810467
54,15,77,47,6.349350649350649,6211.688311688312,0.10891089108910891
54,16,68,41,6.798529411764706,6861.764705882353,0.09618104667609619
54,17,62,38,7.037096774193548,9066.129032258064,0.0876944837340877
54,18,56,33,7.007142857142857,6792.857142857143,0.07920792079207921
54,19,49,30,7.4346938775510205,7865.306122448979,0.06930693069306931
54,20,65,38,7.144615384615384,7443.076923076923,0.09193776520509193
54,21,38,24,7.0394736842105265,6107.894736842105,0.05374823196605375
55,10,42,26,7.473809523809523,7850.0,0.04570184983677911
55,11,53,31,6.664150943396226,6411.320754716981,0.05767138193688792
55,12,77,47,6.107792207792208,6920.779220779221,0.08378672470076169
55,13,97,53,6.908247422680413,7129.896907216495,0.10554951033732318
55,14,101,66,6.328712871287129,6709.9009900990095,0.10990206746463548
55,15,81,47,7.191358024691358,8508.641975308641,0.088139281828074
55,16,102,63,6.623529411764706,6628.431372549019,0.11099020674646355
55,17,91,54,7.105494505494506,7163.736263736264,0.09902067464635474
55,18,86,54,6.759302325581395,7855.813953488372,0.09357997823721437
55,19,72,44,6.695833333333334,6945.833333333333,0.07834602829162132
55,20,69,42,7.110144927536232,6462.31884057971,0.0750816104461371
55,21,48,29,6.354166666666667,7447.916666666667,0.05223068552774755
56,10,25,15,7.12,8580.0,0.03770739064856712
56,11,55,28,6.778181818181818,6658.181818181818,0.08295625942684766
56,12,67,39,6.735820895522388,6567.164179104478,0.10105580693815988
56,13,59,40,6.783050847457627,10047.457627118643,0.0889894419306184
56,14,89,53,6.878651685393259,9132.58426966292,0.13423831070889894
56,15,69,44,6.923188405797101,9378.260869565218,0.10407239819004525
56,16,63,33,6.519047619047619,7541.269841269841,0.09502262443438914
56,17,59,38,6.58135593220339,8938.983050847457,0.0889894419306184
56,18,46,24,7.095652173913043,7176.086956521739,0.0693815987933635
56,19,53,30,6.016981132075471,6890.566037735849,0.07993966817496229
56,20,48,23,6.5874999999999995,9412.5,0.07239819004524888
56,21,30,15,5.7266666666666675,6350.0,0.04524886877828054
57,10,23,14,7.28695652173913,6378.260869565217,0.03826955074875208
57,11,36,20,7.077777777777778,8963.888888888889,0.059900166389351084
57,12,64,40,6.8609375,6029.6875,0.1064891846921797
57,13,80,44,6.671250000000001,6785.0,0.13311148086522462
57,14,57,37,6.60701754385965,6843.859649122807,0.09484193011647254
57,15,53,32,7.126415094339622,7777.358490566037,0.08818635607321132
57,16,58,32,7.051724137931035,8677.586206896553,0.09650582362728785
57,17,68,43,6.545588235294118,7573.529411764706,0.11314475873544093
57,18,56,35,7.403571428571429,8691.07142857143,0.09317803660565724
57,19,63,37,6.976190476190476,7839.68253968254,0.1048252911813644
57,20,32,20,7.1875,8159.375,0.05324459234608985
57,21,11,6,6.236363636363635,4772.727272727273,0.018302828618968387
58,10,31,19,6.838709677419355,8929.032258064517,0.05073649754500818
58,11,35,19,6.488571428571428,6520.0,0.057283142389525366
58,12,57,38,6.056140350877193,7575.438596491228,0.09328968903436989
58,13,72,43,6.579166666666667,7538.888888888889,0.11783960720130933
58,14,70,43,6.788571428571428,7851.428571428572,0.11456628477905073
58,15,61,40,6.396721311475409,6786.88524590164,0.09983633387888707
58,16,72,43,6.720833333333333,8093.055555555556,0.11783960720130933
58,17,73,47,6.517808219178082,5468.493150684932,0.11947626841243862
58,18,53,34,6.613207547169812,8598.11320754717,0.0867430441898527
58,19,27,18,7.392592592592592,8003.7037037037035,0.044189852700491
58,20,33,18,7.342424242424243,6212.121212121212,0.054009819967266774
58,21,27,16,6.92962962962963,8333.333333333334,0.044189852700491
59,10,36,24,7.236111111111111,7313.888888888889,0.0449438202247191
59,11,43,27,6.283720930232558,8151.162790697675,0.05368289637952559
59,12,100,58,6.999,8986.0,0.12484394506866417
59,13,119,71,6.872268907563025,7792.436974789916,0.14856429463171036
59,14,92,55,6.48695652173913,9514.130434782608,0.11485642946317104
59,15,71,44,6.853521126760564,7819.718309859155,0.08863920099875156
59,16,66,42,6.4393939393939394,7056.060606060606,0.08239700374531835
59,17,63,37,6.561904761904762,7928.571428571428,0.07865168539325842
59,18,73,45,7.371232876712329,8173.972602739726,0.09113607990012484
59,19,76,42,7.007894736842106,8906.578947368422,0.09488139825218476
59,20,31,21,6.841935483870968,8216.129032258064,0.03870162297128589
59,21,31,19,6.880645161290323,8003.225806451613,0.03870162297128589
60,10,33,21,7.309090909090909,8175.757575757576,0.05472636815920398
60,11,34,21,6.920588235294118,5529.411764705882,0.05638474295190713
60,12,48,28,6.825,6883.333333333333,0.07960199004975124
60,13,64,37,6.484375,8365.625,0.10613598673300166
60,14,57,36,6.940350877192983,9998.245614035088,0.0945273631840796
60,15,61,41,6.490163934426229,7214.754098360656,0.1011608623548922
60,16,54,35,6.533333333333333,7842.592592592592,0.08955223880597014
60,17,48,32,6.579166666666667,6620.833333333333,0.07960199004975124
60,18,59,32,6.7322033898305085,8455.93220338983,0.0978441127694859
60,19,43,34,6.869767441860464,6879.069767441861,0.07131011608623548
60,20,47,29,6.851063829787234,6776.595744680851,0.0779436152570481
60,21,55,27,7.092727272727273,7043.636363636364,0.0912106135986733
61,10,36,21,6.997222222222223,6900.0,0.046511627906976744
61,11,63,38,6.252380952380952,5985.714285714285,0.08139534883720931
61,12,69,46,6.897101449275362,8331.884057971014,0.08914728682170543
61,13,88,51,6.465909090909091,6953.409090909091,0.11369509043927649
61,14,71,47,6.2,5349.295774647887,0.0917312661498708
61,15,79,45,6.897468354430379,6584.810126582279,0.1020671834625323
61,16,56,34,6.757142857142858,5714.285714285715,0.07235142118863049
61,17,86,49,6.562790697674418,8217.441860465116,0.1111111111111111
61,18,74,45,6.731081081081081,6939.189189189189,0.09560723514211886
61,19,66,42,7.016666666666667,6207.575757575758,0.08527131782945736
61,20,42,25,7.438095238095237,8252.380952380952,0.05426356589147287
61,21,44,29,6.915909090909091,9720.454545454546,0.056847545219638244
62,10,50,30,7.06,9070.0,0.05537098560354374
62,11,67,38,6.98955223880597,5752.238805970149,0.07419712070874862
62,12,96,56,6.776041666666667,9392.708333333334,0.10631229235880399
62,13,92,54,6.810869565217391,8639.130434782608,0.10188261351052048
62,14,90,59,6.411111111111111,8822.222222222223,0.09966777408637874
62,15,104,57,6.571153846153846,6598.076923076923,0.11517165005537099
62,16,99,58,6.861616161616161,6546.464646464647,0.10963455149501661
62,17,61,37,6.967213114754099,6509.836065573771,0.06755260243632337
62,18,81,45,7.118518518518519,8267.901234567902,0.08970099667774087
62,19,75,46,6.842666666666667,7744.0,0.08305647840531562
62,20,50,30,6.843999999999999,8022.0,0.05537098560354374
62,21,38,24,6.1078947368421055,7618.421052631579,0.042081949058693245
63,10,40,26,6.6450000000000005,6122.5,0.04830917874396135
63,11,51,32,6.696078431372549,7723.529411764706,0.06159420289855073
63,12,56,36,6.491071428571429,7651.785714285715,0.06763285024154589
63,13,97,56,6.725773195876289,7490.721649484536,0.11714975845410629
63,14,107,63,7.138317757009346,7365.420560747663,0.1292270531400966
63,15,73,46,6.634246575342466,7979.45205479452,0.08816425120772947
63,16,77,49,6.406493506493507,6320.779220779221,0.0929951690821256
63,17,79,47,6.8354430379746836,6881.012658227848,0.09541062801932366
63,18,57,35,7.02280701754386,7535.087719298245,0.06884057971014493
63,19,84,47,7.126190476190477,8188.0952380952385,0.10144927536231885
63,20,54,36,6.5851851851851855,9166.666666666666,0.06521739130434782
63,21,53,32,6.556603773584905,6939.622641509434,0.0640096618357488
64,10,21,14,6.819047619047619,7947.619047619048,0.035058430717863104
64,11,24,14,7.0249999999999995,12020.833333333334,0.04006677796327212
64,12,52,30,7.0307692307692315,6901.923076923077,0.08681135225375626
64,13,76,43,6.431578947368421,7188.1578947368425,0.12687813021702837
64,14,72,40,7.2333333333333325,9120.833333333334,0.12020033388981637
64,15,40,26,6.9475,7990.0,0.0667779632721202
64,16,48,33,6.079166666666667,10010.416666666666,0.08013355592654424
64,17,62,39,6.751612903225807,6479.032258064516,0.10350584307178631
64,18,54,34,7.051851851851852,8040.740740740741,0.09015025041736227
64,19,59,38,6.594915254237288,7027.118644067797,0.09849749582637729
64,20,61,38,6.590163934426229,6136.065573770492,0.1018363939899833
64,21,30,19,6.693333333333333,7883.333333333333,0.05008347245409015
65,10,28,18,6.428571428571429,7307.142857142857,0.04929577464788732
65,11,40,24,6.17,7320.0,0.07042253521126761
65,12,55,32,6.821818181818181,7320.0,0.09683098591549295
65,13,71,41,7.490140845070422,8085.915492957746,0.125
65,14,52,32,6.707692307692308,7375.0,0.09154929577464789
65,15,32,22,6.246875,5118.75,0.056338028169014086
65,16,66,34,6.277272727272727,7436.363636363636,0.11619718309859155
65,17,51,31,7.078431372549019,8256.862745098038,0.0897887323943662
65,18,46,31,6.895652173913043,6834.782608695652,0.08098591549295775
65,19,49,28,6.953061224489796,6918.367346938776,0.08626760563380281
65,20,37,25,6.748648648648649,6218.918918918919,0.06514084507042253
65,21,41,22,7.278048780487804,7375.609756097561,0.0721830985915493
66,10,42,22,6.65,9726.190476190477,0.046153846153846156
66,11,52,34,5.598076923076923,7955.7692307692305,0.05714285714285714
66,12,86,54,6.629069767441861,8782.558139534884,0.0945054945054945
66,13,95,58,7.198947368421052,7645.263157894737,0.1043956043956044
66,14,96,56,6.798958333333334,8364.583333333334,0.1054945054945055
66,15,70,45,6.597142857142857,9290.0,0.07692307692307693
66,16,60,42,7.016666666666667,7770.0,0.06593406593406594
66,17,101,58,7.253465346534654,8162.376237623763,0.11098901098901098
66,18,83,47,6.971084337349398,7384.3373493975905,0.0912087912087912
66,19,69,45,6.644927536231884,8223.188405797102,0.07582417582417582
66,20,93,55,6.488172043010753,6578.4946236559135,0.1021978021978022
66,21,63,36,7.241269841269841,7042.857142857143,0.06923076923076923
67,10,23,14,6.343478260869565,7743.478260869565,0.0343796711509716
67,11,49,32,6.671428571428571,6800.0,0.07324364723467862
67,12,64,40,6.475,9051.5625,0.09566517189835576
67,13,84,51,6.239285714285715,6552.380952380952,0.12556053811659193
67,14,95,56,6.405263157894737,6710.526315789473,0.14200298953662183
67,15,62,40,6.883870967741935,8475.806451612903,0.09267563527653214
67,16,62,36,6.990322580645161,9217.741935483871,0.09267563527653214
67,17,67,36,7.004477611940299,5597.014925373134,0.10014947683109118
67,18,58,40,6.73103448275862,8001.724137931034,0.08669656203288491
67,19,43,23,6.723255813953489,7109.302325581395,0.06427503736920777
67,20,40,23,6.885,8952.5,0.059790732436472344
67,21,22,16,6.986363636363635,5136.363636363636,0.03288490284005979
68,10,26,17,6.0807692307692305,5615.384615384615,0.03969465648854962
68,11,49,29,7.487755102040816,8189.7959183673465,0.07480916030534351
68,12,80,45,6.8175,6988.75,0.12213740458015267
68,13,76,44,6.90921052631579,8042.105263157895,0.11603053435114503
68,14,82,52,6.848780487804878,7995.121951219512,0.1251908396946565
68,15,58,36,6.691379310344828,7905.172413793103,0.08854961832061069
68,16,63,38,7.153968253968253,8377.777777777777,0.09618320610687023
68,17,58,36,6.860344827586206,8379.310344827587,0.08854961832061069
68,18,51,32,6.3431372549019605,8025.490196078431,0.07786259541984733
68,19,41,27,6.646341463414634,10148.780487804877,0.06259541984732825
68,20,36,24,6.808333333333334,4683.333333333333,0.0549618320610687
68,21,35,24,6.665714285714286,9825.714285714286,0.05343511450381679
69,10,42,26,6.669047619047619,6852.380952380952,0.05555555555555555
69,11,31,19,7.370967741935484,6206.451612903225,0.041005291005291
69,12,48,25,6.641666666666667,7235.416666666667,0.06349206349206349
69,13,100,57,6.581,9001.0,0.13227513227513227
69,14,74,43,6.237837837837838,7056.756756756757,0.09788359788359788
69,15,74,44,6.383783783783784,5447.2972972972975,0.09788359788359788
69,16,77,48,6.7961038961038955,5768.831168831169,0.10185185185185185
69,17,80,47,6.275,7376.25,0.10582010582010581
69,18,79,46,6.688607594936709,6749.367088607595,0.10449735449735449
69,19,68,41,7.195588235294117,7580.882352941177,0.08994708994708994
69,20,33,20,7.06969696969697,8933.333333333334,0.04365079365079365
69,21,50,26,6.7,8002.0,0.06613756613756613
70,10,34,20,7.179411764705883,8152.941176470588,0.05128205128205128
70,11,49,32,6.5265306122448985,8830.612244897959,0.07390648567119155
70,12,54,33,7.04074074074074,7781.481481481482,0.08144796380090498
70,13,79,42,6.6075949367088604,6707.594936708861,0.1191553544494721
70,14,75,49,7.225333333333333,8285.333333333334,0.11312217194570136
70,15,52,30,6.9923076923076914,7013.461538461538,0.0784313725490196
70,16,56,31,7.2821428571428575,6457.142857142857,0.08446455505279035
70,17,63,38,6.782539682539682,8739.682539682539,0.09502262443438914
70,18,75,42,6.6240000000000006,6557.333333333333,0.11312217194570136
70,19,42,29,7.404761904761905,4828.571428571428,0.06334841628959276
70,20,49,27,6.502040816326531,6410.2040816326535,0.07390648567119155
70,21,35,21,6.834285714285714,9411.42857142857,0.05279034690799397
71,10,12,8,6.891666666666667,5175.0,0.022684310018903593
71,11,34,27,6.461764705882352,7044.117647058823,0.06427221172022685
71,12,39,26,6.148717948717949,6810.25641025641,0.07372400756143667
71,13,65,38,6.513846153846154,6855.384615384615,0.12287334593572778
71,14,29,24,6.979310344827587,11037.931034482759,0.054820415879017016
71,15,67,39,6.719402985074627,6749.253731343284,0.1266540642722117
71,16,51,34,7.052941176470588,7101.9607843137255,0.09640831758034027
71,17,44,30,7.340909090909091,7700.0,0.0831758034026465
71,18,54,32,6.807407407407408,8196.296296296296,0.10207939508506617
71,19,49,27,6.653061224489796,9912.244897959185,0.09262759924385633
71,20,39,25,7.030769230769231,6158.974358974359,0.07372400756143667
71,21,46,22,7.480434782608696,8239.130434782608,0.08695652173913043
72,10,17,14,5.311764705882353,6700.0,0.029668411867364748
72,11,36,24,6.263888888888889,6558.333333333333,0.06282722513089005
72,12,70,44,6.12,4421.428571428572,0.12216404886561955
72,13,55,36,7.349090909090909,6980.0,0.09598603839441536
72,14,67,41,6.81044776119403,6050.746268656716,0.1169284467713787
72,15,64,32,6.7375,7204.6875,0.11169284467713787
72,16,39,26,6.75897435897436,6915.384615384615,0.06806282722513089
72,17,39,23,5.861538461538461,7376.923076923077,0.06806282722513089
72,18,52,31,7.35,8378.846153846154,0.09075043630017451
72,19,60,29,6.6016666666666675,8625.0,0.10471204188481675
72,20,35,24,6.562857142857142,6988.571428571428,0.06108202443280977
72,21,39,24,6.751282051282051,7494.871794871795,0.06806282722513089
73,10,52,27,6.5442307692307695,7286.538461538462,0.06110458284371328
73,11,56,31,7.1,8687.5,0.06580493537015276
73,12,73,44,6.604109589041096,5680.821917808219,0.08578143360752057
73,13,73,45,7.034246575342466,7680.821917808219,0.08578143360752057
73,14,106,61,7.022641509433962,6653.773584905661,0.1245593419506463
73,15,76,48,6.9144736842105265,7664.473684210527,0.08930669800235018
73,16,87,51,6.525287356321839,6510.3448275862065,0.10223266745005875
73,17,72,41,6.540277777777778,7729.166666666667,0.0846063454759107
73,18,80,46,6.652500000000001,7933.75,0.09400705052878966
73,19,68,41,6.535294117647059,6272.058823529412,0.0799059929494712
73,20,71,42,6.769014084507043,10366.197183098591,0.08343125734430082
73,21,37,23,6.924324324324324,7562.1621621621625,0.043478260869565216
74,10,41,26,5.573170731707317,6534.1463414634145,0.04475982532751092
74,11,73,42,7.045205479452054,6078.082191780822,0.07969432314410481
74,12,72,48,6.666666666666667,6184.722222222223,0.07860262008733625
74,13,97,59,7.394845360824742,8861.855670103092,0.10589519650655022
74,14,106,61,6.634905660377358,8055.66037735849,0.11572052401746726
74,15,72,48,7.020833333333333,7729.166666666667,0.07860262008733625
74,16,101,58,6.174257425742574,6787.1287128712875,0.11026200873362445
74,17,81,56,6.924691358024691,7954.320987654321,0.08842794759825327
74,18,73,45,6.419178082191781,6169.86301369863,0.07969432314410481
74,19,85,52,6.889411764705883,7295.294117647059,0.0927947598253275
74,20,58,33,6.891379310344828,7850.0,0.06331877729257641
74,21,57,35,7.101754385964912,7340.350877192983,0.06222707423580786
75,10,38,24,6.826315789473684,9994.736842105263,0.04967320261437908
75,11,47,32,6.572340425531914,6655.31914893617,0.06143790849673202
75,12,58,36,6.772413793103448,7143.103448275862,0.07581699346405228
75,13,87,50,6.710344827586207,7675.862068965517,0.11372549019607843
75,14,78,46,6.392307692307693,8911.538461538461,0.10196078431372549
75,15,67,42,7.183582089552239,7794.0298507462685,0.08758169934640522
75,16,52,31,7.35,8788.461538461539,0.06797385620915032
75,17,95,54,6.752631578947368,7189.473684210527,0.12418300653594772
75,18,79,49,6.912658227848102,9115.189873417721,0.10326797385620914
75,19,55,33,6.250909090909091,7269.090909090909,0.0718954248366013
75,20,60,38,6.641666666666667,6881.666666666667,0.0784313725490196
75,21,49,28,7.326530612244898,6967.34693877551,0.06405228758169934
76,10,57,37,6.8052631578947365,8614.035087719298,0.07011070110701106
76,11,67,39,6.264179104477612,6279.104477611941,0.08241082410824108
76,12,61,42,6.855737704918033,5931.147540983607,0.07503075030750307
76,13,91,53,7.024175824175825,7231.868131868132,0.11193111931119311
76,14,78,56,6.628205128205129,7438.461538461538,0.0959409594095941
76,15,97,58,6.757731958762887,7687.628865979382,0.11931119311193111
76,16,67,41,7.45223880597015,6377.611940298508,0.08241082410824108
76,17,71,44,6.412676056338029,6742.2535211267605,0.08733087330873308
76,18,82,48,7.132926829268293,7792.682926829269,0.1008610086100861
76,19,54,35,6.5814814814814815,5796.2962962962965,0.06642066420664207
76,20,56,37,6.882142857142857,9187.5,0.06888068880688807
76,21,32,23,6.3875,10243.75,0.03936039360393604
77,10,41,27,7.04390243902439,7726.829268292683,0.047018348623853214
77,11,62,37,7.306451612903226,6719.354838709677,0.07110091743119266
77,12,82,52,6.208536585365854,8368.292682926829,0.09403669724770643
77,13,133,81,6.703007518796992,6518.045112781955,0.15252293577981652
77,14,93,56,6.896774193548387,7704.301075268817,0.10665137614678899
77,15,98,54,6.65204081632653,9346.938775510203,0.11238532110091744
77,16,65,40,6.843076923076923,8024.615384615385,0.07454128440366972
77,17,75,45,6.718666666666667,6812.0,0.0860091743119266
77,18,69,40,7.213043478260869,6026.086956521739,0.07912844036697247
77,19,48,32,6.60625,7631.25,0.05504587155963303
77,20,51,37,6.001960784313726,8307.843137254902,0.058486238532110095
77,21,55,34,6.5618181818181816,6636.363636363636,0.06307339449541284
78,10,29,17,6.917241379310345,8141.379310344828,0.042584434654919234
78,11,54,30,6.388888888888889,8301.851851851852,0.07929515418502203
78,12,59,37,6.54406779661017,6810.169491525424,0.08663729809104258
78,13,83,47,7.066265060240964,7408.433734939759,0.12187958883994127
78,14,82,48,6.675609756097561,7179.268292682927,0.12041116005873716
78,15,67,42,6.955223880597015,8062.686567164179,0.09838472834067548
78,16,63,35,6.912698412698413,9279.36507936508,0.09251101321585903
78,17,70,39,7.497142857142856,6855.714285714285,0.1027900146842878
78,18,73,48,6.505479452054794,7272.602739726028,0.10719530102790015
78,19,46,28,6.193478260869565,7158.695652173913,0.06754772393538913
78,20,42,28,7.119047619047619,7290.476190476191,0.06167400881057269
78,21,13,10,6.661538461538461,6507.692307692308,0.01908957415565345
79,10,22,11,6.613636363636363,4068.181818181818,0.043222003929273084
79,11,45,27,7.231111111111111,10600.0,0.08840864440078586
79,12,29,21,6.558620689655172,8213.793103448275,0.05697445972495088
79,13,56,32,6.769642857142857,7375.0,0.1100196463654224
79,14,54,31,7.101851851851852,8235.185185185184,0.10609037328094302
79,15,42,25,6.573809523809524,5100.0,0.0825147347740668
79,16,47,30,5.738297872340425,5853.191489361702,0.09233791748526522
79,17,45,28,7.177777777777778,7631.111111111111,0.08840864440078586
79,18,61,33,6.7081967213114755,6690.163934426229,0.11984282907662082
79,19,38,21,6.697368421052632,7815.789473684211,0.07465618860510806
79,20,31,17,6.425806451612903,9641.935483870968,0.060903732809430254
79,21,39,25,6.94102564102564,8492.307692307691,0.07662082514734773
80,10,26,20,7.096153846153846,4884.615384615385,0.04262295081967213
80,11,26,19,6.503846153846154,3784.6153846153848,0.04262295081967213
80,12,36,25,7.416666666666667,5386.111111111111,0.05901639344262295
80,13,73,42,6.678082191780822,7264.3835616438355,0.11967213114754098
80,14,85,45,6.607058823529412,6060.0,0.13934426229508196
80,15,65,36,6.613846153846153,7838.461538461538,0.10655737704918032
80,16,73,38,6.72054794520548,7172.602739726028,0.11967213114754098
80,17,62,35,6.570967741935483,6429.032258064516,0.10163934426229508
80,18,63,34,6.653968253968253,7658.730158730159,0.10327868852459017
80,19,44,29,7.093181818181819,6840.909090909091,0.07213114754098361
80,20,36,17,6.922222222222222,6283.333333333333,0.05901639344262295
80,21,21,11,6.323809523809524,7385.714285714285,0.03442622950819672
81,10,29,19,6.820689655172414,6486.206896551724,0.045171339563862926
81,11,40,24,7.065,8575.0,0.06230529595015576
81,12,67,44,6.335820895522388,6256.7164179104475,0.1043613707165109
81,13,61,37,6.808196721311476,7791.803278688524,0.09501557632398754
81,14,72,43,6.737500000000001,9316.666666666666,0.11214953271028037
81,15,65,38,6.469230769230769,6553.846153846154,0.10124610591900311
81,16,43,28,6.3999999999999995,8946.511627906977,0.06697819314641744
81,17,78,43,7.082051282051282,6898.717948717948,0.12149532710280374
81,18,63,36,6.198412698412699,7507.936507936508,0.09813084112149532
81,19,55,33,6.909090909090909,7165.454545454545,0.08566978193146417
81,20,40,25,6.842499999999999,6815.0,0.06230529595015576
81,21,29,19,6.382758620689655,7206.896551724138,0.045171339563862926
82,10,43,28,6.804651162790698,9267.441860465116,0.050292397660818715
82,11,40,30,6.0175,6450.0,0.04678362573099415
82,12,103,59,6.714563106796117,5893.203883495145,0.12046783625730995
82,13,76,48,6.814473684210526,7236.8421052631575,0.08888888888888889
82,14,88,61,7.036363636363637,7194.318181818182,0.10292397660818714
82,15,98,56,6.254081632653061,7567.34693877551,0.11461988304093568
82,16,87,52,7.163218390804598,8881.6091954023,0.10175438596491228
82,17,72,39,6.919444444444444,8165.277777777777,0.08421052631578947
82,18,90,57,7.004444444444444,8951.111111111111,0.10526315789473684
82,19,72,44,7.048611111111111,6398.611111111111,0.08421052631578947
82,20,45,29,6.617777777777778,9086.666666666666,0.05263157894736842
82,21,41,27,6.965853658536586,11460.975609756097,0.047953216374269005
83,10,62,36,7.388709677419355,8282.258064516129,0.07167630057803469
83,11,68,38,6.917647058823529,6816.176470588235,0.07861271676300578
83,12,61,39,6.660655737704918,7614.754098360656,0.07052023121387284
83,13,91,50,6.606593406593407,7278.021978021978,0.10520231213872833
83,14,115,63,6.877391304347826,7287.826086956522,0.1329479768786127
83,15,84,48,6.83452380952381,7802.380952380952,0.09710982658959537
83,16,83,47,6.934939759036145,7837.349397590361,0.09595375722543352
83,17,51,29,6.2176470588235295,6200.0,0.058959537572254334
83,18,101,60,6.84059405940594,7766.336633663366,0.11676300578034682
83,19,61,40,7.063934426229507,6829.508196721312,0.07052023121387284
83,20,51,34,6.952941176470588,9176.470588235294,0.058959537572254334
83,21,37,22,7.283783783783784,9829.72972972973,0.04277456647398844
84,10,32,23,6.684375,8484.375,0.03316062176165803
84,11,86,47,6.937209302325582,7400.0,0.08911917098445596
84,12,80,47,6.1625,8257.5,0.08290155440414508
84,13,103,65,6.577669902912621,7256.310679611651,0.10673575129533679
84,14,101,60,6.628712871287129,7199.009900990099,0.10466321243523316
84,15,117,66,6.9854700854700855,7871.794871794872,0.12124352331606218
84,16,83,49,6.854216867469879,8869.87951807229,0.08601036269430051
84,17,72,44,6.794444444444444,6647.222222222223,0.07461139896373056
84,18,95,57,6.543157894736843,8274.736842105263,0.09844559585492228
84,19,83,53,6.378313253012048,7072.289156626506,0.08601036269430051
84,20,64,41,6.7953125,7028.125,0.06632124352331606
84,21,49,26,7.0653061224489795,7293.877551020408,0.05077720207253886
85,10,36,21,6.991666666666666,7002.777777777777,0.056074766355140186
85,11,48,30,7.204166666666667,8602.083333333334,0.07476635514018691
85,12,53,31,7.3,8118.867924528302,0.08255451713395638
85,13,45,29,6.875555555555555,8946.666666666666,0.07009345794392523
85,14,81,45,6.933333333333334,7317.283950617284,0.1261682242990654
85,15,60,33,7.201666666666667,7700.0,0.09345794392523364
85,16,59,33,6.937288135593221,7508.474576271186,0.09190031152647975
85,17,63,40,6.777777777777778,8604.761904761905,0.09813084112149532
85,18,78,42,6.55897435897436,9285.897435897436,0.12149532710280374
85,19,38,22,6.939473684210526,6347.368421052632,0.059190031152647975
85,20,43,27,6.169767441860466,4381.395348837209,0.06697819314641744
85,21,38,19,7.044736842105263,7210.526315789473,0.059190031152647975
86,10,26,15,7.734615384615385,11423.076923076924,0.05416666666666667
86,11,21,14,6.628571428571428,10790.47619047619,0.04375
86,12,41,24,6.397560975609756,8156.09756097561,0.08541666666666667
86,13,51,30,6.537254901960784,7252.941176470588,0.10625
86,14,45,31,6.531111111111111,5266.666666666667,0.09375
86,15,59,32,7.094915254237288,9038.983050847457,0.12291666666666666
86,16,69,41,7.0086956521739125,8913.04347826087,0.14375
86,17,56,30,6.3,6946.428571428572,0.11666666666666667
86,18,37,24,6.702702702702703,10505.405405405405,0.07708333333333334
86,19,29,20,6.937931034482758,9858.620689655172,0.06041666666666667
86,20,33,21,6.53939393939394,4430.30303030303,0.06875
86,21,13,9,8.107692307692307,11630.76923076923,0.027083333333333334
87,10,23,17,7.117391304347826,10378.260869565218,0.03554868624420402
87,11,36,21,6.611111111111111,8772.222222222223,0.05564142194744977
87,12,66,44,6.409090909090909,6421.212121212121,0.10200927357032458
87,13,54,35,6.337037037037037,7887.037037037037,0.08346213292117466
87,14,81,54,7.002469135802469,7803.7037037037035,0.125193199381762
87,15,76,45,6.822368421052632,7121.0526315789475,0.11746522411128284
87,16,52,32,6.828846153846154,8665.384615384615,0.080370942812983
87,17,58,32,7.0103448275862075,7224.137931034483,0.08964451313755796
87,18,70,45,6.868571428571428,7881.428571428572,0.10819165378670788
87,19,50,29,6.496,7914.0,0.07727975270479134
87,20,40,21,6.5175,5882.5,0.061823802163833076
87,21,41,25,7.13170731707317,10114.634146341463,0.0633693972179289
88,10,35,19,6.962857142857143,6274.285714285715,0.06944444444444445
88,11,30,24,6.6433333333333335,5250.0,0.05952380952380952
88,12,36,23,6.894444444444444,6041.666666666667,0.07142857142857142
88,13,64,40,7.203125,6895.3125,0.12698412698412698
88,14,46,35,6.247826086956521,9473.91304347826,0.09126984126984126
88,15,49,33,6.420408163265306,4402.040816326531,0.09722222222222222
88,16,50,31,6.547999999999999,6942.0,0.0992063492063492
88,17,48,33,7.016666666666667,9200.0,0.09523809523809523
88,18,41,26,6.946341463414634,5760.975609756098,0.08134920634920635
88,19,49,30,6.728571428571429,8926.530612244898,0.09722222222222222
88,20,31,22,6.516129032258065,8645.161290322581,0.061507936507936505
88,21,25,16,5.876,3752.0,0.0496031746031746
89,10,30,19,6.406666666666666,5483.333333333333,0.048465266558966075
89,11,52,29,6.532692307692307,7380.7692307692305,0.0840064620355412
89,12,59,33,6.566101694915254,7605.0847457627115,0.09531502423263329
89,13,54,33,5.814814814814815,6535.185185185185,0.08723747980613894
89,14,74,41,7.178378378378379,7125.675675675676,0.11954765751211632
89,15,47,25,7.002127659574469,7997.872340425532,0.07592891760904685
89,16,43,26,5.862790697674418,8374.418604651162,0.06946688206785137
89,17,48,29,6.616666666666667,5979.166666666667,0.07754442649434572
89,18,46,26,7.365217391304348,10252.173913043478,0.07431340872374798
89,19,70,40,7.151428571428572,7602.857142857143,0.11308562197092084
89,20,50,30,6.774,6060.0,0.08077544426494346
89,21,46,27,6.5260869565217385,9173.91304347826,0.07431340872374798
90,10,44,29,6.081818181818182,6381.818181818182,0.0505166475315729
90,11,65,38,6.9799999999999995,5889.2307692307695,0.07462686567164178
90,12,78,45,7.0487179487179485,9165.384615384615,0.08955223880597014
90,13,100,63,7.125,7638.0,0.1148105625717566
90,14,90,53,6.359999999999999,6271.111111111111,0.10332950631458095
90,15,85,49,7.0200000000000005,5404.705882352941,0.09758897818599312
90,16,91,54,6.456043956043956,8856.043956043955,0.1044776119402985
90,17,71,41,6.359154929577465,7397.183098591549,0.08151549942594719
90,18,79,53,6.81392405063291,8651.898734177215,0.09070034443168772
90,19,71,44,6.8929577464788725,7945.070422535211,0.08151549942594719
90,20,60,36,7.276666666666667,6556.666666666667,0.06888633754305395
90,21,37,22,7.151351351351352,8632.432432432432,0.04247990815154994
91,10,32,20,6.784375,7950.0,0.045779685264663805
91,11,55,33,6.923636363636364,8445.454545454546,0.07868383404864092
91,12,54,30,7.316666666666667,7048.148148148148,0.07725321888412018
91,13,82,51,6.897560975609756,6582.926829268293,0.11731044349070101
91,14,81,41,6.233333333333333,8220.987654320988,0.11587982832618025
91,15,64,37,6.9234375,8534.375,0.09155937052932761
91,16,59,35,7.01864406779661,7428.813559322034,0.0844062947067239
91,17,73,40,7.087671232876712,7417.808219178082,0.1044349070100143
91,18,66,34,6.681818181818182,9530.30303030303,0.0944206008583691
91,19,45,25,6.815555555555555,8033.333333333333,0.06437768240343347
91,20,47,31,6.529787234042553,8619.148936170213,0.06723891273247497
91,21,41,24,6.851219512195121,6685.365853658536,0.058655221745350504
92,10,18,11,5.916666666666667,6405.555555555556,0.045
92,11,34,20,6.926470588235294,7138.235294117647,0.085
92,12,26,20,6.357692307692308,7557.692307692308,0.065
92,13,29,17,6.548275862068966,6334.482758620689,0.0725
92,14,53,33,6.779245283018868,10460.377358490567,0.1325
92,15,40,24,6.922499999999999,9722.5,0.1
92,16,38,26,6.9105263157894745,8176.315789473684,0.095
92,17,39,23,7.171794871794871,7002.5641025641025,0.0975
92,18,40,24,6.1274999999999995,6620.0,0.1
92,19,34,21,6.961764705882352,7500.0,0.085
92,20,25,14,5.496,4596.0,0.0625
92,21,24,14,7.3125,9195.833333333334,0.06
93,10,38,23,7.128947368421052,6871.0526315789475,0.061788617886178863
93,11,36,23,6.530555555555555,7488.888888888889,0.05853658536585366
93,12,62,36,6.874193548387097,8730.645161290322,0.1008130081300813
93,13,66,39,7.081818181818181,7740.909090909091,0.1073170731707317
93,14,59,36,6.047457627118645,6866.1016949152545,0.0959349593495935
93,15,75,40,7.056000000000001,8825.333333333334,0.12195121951219512
93,16,55,35,6.196363636363636,7980.0,0.08943089430894309
93,17,46,30,6.863043478260869,8060.869565217391,0.07479674796747968
93,18,55,34,6.903636363636363,10263.636363636364,0.08943089430894309
93,19,55,34,6.998181818181818,7960.0,0.08943089430894309
93,20,35,21,7.405714285714286,8705.714285714286,0.056910569105691054
93,21,33,23,7.045454545454546,8112.121212121212,0.05365853658536585
94,10,17,11,7.129411764705883,6800.0,0.03153988868274583
94,11,23,15,6.517391304347826,7682.608695652174,0.04267161410018553
94,12,50,32,6.984,8576.0,0.09276437847866419
94,13,69,44,6.826086956521739,7021.739130434783,0.1280148423005566
94,14,50,30,6.874,9040.0,0.09276437847866419
94,15,55,33,6.843636363636363,6434.545454545455,0.10204081632653061
94,16,55,34,7.049090909090909,6716.363636363636,0.10204081632653061
94,17,43,25,6.8604651162790695,4565.116279069767,0.07977736549165121
94,18,53,36,6.915094339622642,6860.377358490566,0.09833024118738404
94,19,55,33,6.554545454545455,7521.818181818182,0.10204081632653061
94,20,43,28,6.402325581395349,8990.697674418605,0.07977736549165121
94,21,26,17,6.5576923076923075,6680.7692307692305,0.04823747680890538
95,10,36,18,7.172222222222222,6002.777777777777,0.05901639344262295
95,11,28,16,6.189285714285715,6685.714285714285,0.04590163934426229
95,12,63,39,6.963492063492064,7719.047619047619,0.10327868852459017
95,13,79,43,6.377215189873418,8149.367088607595,0.12950819672131147
95,14,45,33,7.148888888888889,8242.222222222223,0.07377049180327869
95,15,71,43,6.964788732394366,7438.028169014085,0.11639344262295082
95,16,65,40,6.693846153846154,8607.692307692309,0.10655737704918032
95,17,52,31,6.701923076923077,8286.538461538461,0.08524590163934426
95,18,67,44,6.753731343283582,5297.014925373134,0.10983606557377049
95,19,46,27,7.226086956521739,7050.0,0.07540983606557378
95,20,29,20,7.344827586206897,7082.758620689655,0.047540983606557376
95,21,29,18,5.772413793103448,4834.482758620689,0.047540983606557376
96,10,30,21,7.573333333333333,9863.333333333334,0.03690036900369004
96,11,47,28,6.985106382978723,5559.574468085107,0.05781057810578106
96,12,70,46,6.847142857142857,6494.285714285715,0.08610086100861009
96,13,92,55,7.131521739130435,10768.478260869566,0.11316113161131611
96,14,86,49,6.754651162790697,6438.372093023256,0.1057810578105781
96,15,76,46,6.803947368421053,9202.631578947368,0.09348093480934809
96,16,62,39,7.108064516129032,8467.741935483871,0.07626076260762607
96,17,72,44,6.665277777777778,8701.388888888889,0.08856088560885608
96,18,90,51,6.683333333333334,8503.333333333334,0.11070110701107011
96,19,77,43,6.783116883116882,8302.597402597403,0.09471094710947109
96,20,62,38,7.009677419354839,7301.612903225807,0.07626076260762607
96,21,49,29,6.877551020408164,7571.428571428572,0.06027060270602706
97,10,41,22,6.656097560975609,8926.829268292682,0.04480874316939891
97,11,55,35,7.289090909090909,6189.090909090909,0.060109289617486336
97,12,89,50,6.429213483146068,6362.921348314607,0.09726775956284153
97,13,84,52,6.469047619047619,6697.619047619048,0.09180327868852459
97,14,92,56,6.695652173913044,7213.04347826087,0.1005464480874317
97,15,87,55,6.624137931034483,7766.666666666667,0.09508196721311475
97,16,88,55,6.464772727272727,8697.727272727272,0.09617486338797815
97,17,92,51,7.1695652173913045,9000.0,0.1005464480874317
97,18,98,55,6.535714285714286,6689.7959183673465,0.10710382513661203
97,19,78,45,6.971794871794871,7967.948717948718,0.08524590163934426
97,20,65,37,6.876923076923077,6473.846153846154,0.07103825136612021
97,21,46,27,6.617391304347826,7343.478260869565,0.05027322404371585
98,10,35,21,7.1,8025.714285714285,0.044929396662387676
98,11,64,32,6.7328125,5096.875,0.0821566110397946
98,12,95,60,6.245263157894736,9267.368421052632,0.12195121951219512
98,13,85,53,6.58235294117647,8290.588235294117,0.10911424903722722
98,14,61,40,7.473770491803278,7403.2786885245905,0.07830551989730423
98,15,78,47,6.955128205128205,8428.205128205129,0.10012836970474968
98,16,65,36,6.7676923076923075,9223.076923076924,0.0834403080872914
98,17,78,45,6.762820512820513,8935.897435897436,0.10012836970474968
98,18,51,36,6.447058823529412,7307.843137254902,0.06546854942233633
98,19,71,42,7.111267605633803,5967.605633802817,0.09114249037227215
98,20,45,28,6.317777777777778,5746.666666666667,0.057766367137355584
98,21,51,29,7.123529411764706,8631.372549019608,0.06546854942233633
99,10,47,26,6.14468085106383,7589.36170212766,0.06300268096514745
99,11,34,24,6.720588235294118,7608.823529411765,0.045576407506702415
99,12,52,32,6.475,5965.384615384615,0.06970509383378017
99,13,81,53,6.728395061728395,6467.901234567901,0.10857908847184987
99,14,83,47,6.6819277108433734,8478.313253012047,0.11126005361930295
99,15,72,43,6.776388888888889,7213.888888888889,0.09651474530831099
99,16,76,46,6.686842105263158,7923.684210526316,0.10187667560321716
99,17,66,41,6.83030303030303,7945.454545454545,0.08847184986595175
99,18,59,38,7.115254237288136,7333.8983050847455,0.07908847184986595
99,19,67,41,6.6850746268656716,7607.462686567164,0.08981233243967829
99,20,66,42,6.503030303030303,8212.121212121212,0.08847184986595175
99,21,43,26,7.32093023255814,8046.511627906977,0.057640750670241284
100,10,8,6,5.325,3300.0,0.019184652278177457
100,11,30,18,6.9399999999999995,4940.0,0.07194244604316546
100,12,41,24,6.219512195121951,7834.1463414634145,0.09832134292565947
100,13,51,29,6.758823529411765,6596.078431372549,0.1223021582733813
100,14,43,23,7.425581395348837,7760.46511627907,0.10311750599520383
100,15,51,31,7.123529411764706,9070.588235294117,0.1223021582733813
100,16,26,17,6.0807692307692305,7907.692307692308,0.06235011990407674
100,17,54,28,6.77962962962963,5718.518518518518,0.12949640287769784
100,18,37,26,6.52972972972973,6367.5675675675675,0.08872901678657075
100,19,27,17,6.655555555555555,6133.333333333333,0.06474820143884892
100,20,24,16,7.383333333333333,10375.0,0.05755395683453238
100,21,25,16,6.52,6776.0,0.05995203836930456
101,10,32,19,7.096875,9140.625,0.048484848484848485
101,11,43,28,6.367441860465116,9034.883720930233,0.06515151515151515
101,12,62,40,6.751612903225807,6853.225806451613,0.09393939393939393
101,13,83,50,7.35301204819277,9495.180722891566,0.12575757575757576
101,14,53,32,6.713207547169811,5871.698113207547,0.0803030303030303
101,15,60,35,6.366666666666666,5910.0,0.09090909090909091
101,16,60,34,6.58,6330.0,0.09090909090909091
101,17,57,34,7.3807017543859645,8612.280701754386,0.08636363636363636
101,18,81,45,6.637037037037038,7519.753086419753,0.12272727272727273
101,19,47,31,7.114893617021276,9761.702127659575,0.07121212121212121
101,20,47,30,6.278723404255319,7153.191489361702,0.07121212121212121
101,21,35,22,6.728571428571429,5937.142857142857,0.05303030303030303
102,10,33,18,6.86060606060606,6321.212121212121,0.05956678700361011
102,11,26,16,7.061538461538461,10546.153846153846,0.04693140794223827
102,12,46,28,6.280434782608695,5678.260869565217,0.08303249097472924
102,13,69,37,6.404347826086957,7955.072463768116,0.12454873646209386
102,14,59,38,6.237288135593221,7500.0,0.10649819494584838
102,15,68,41,7.294117647058823,8492.64705882353,0.12274368231046931
102,16,42,21,6.764285714285715,7566.666666666667,0.07581227436823104
102,17,48,31,6.739583333333333,9391.666666666666,0.08664259927797834
102,18,57,37,7.222807017543859,9589.473684210527,0.10288808664259928
102,19,32,19,6.19375,8453.125,0.05776173285198556
102,20,32,18,6.86875,5968.75,0.05776173285198556
102,21,42,23,6.738095238095238,9126.190476190477,0.07581227436823104
103,10,20,11,6.7299999999999995,11485.0,0.03683241252302026
103,11,56,34,6.451785714285714,7535.714285714285,0.10313075506445672
103,12,41,28,6.490243902439025,8268.292682926829,0.07550644567219153
103,13,71,46,6.498591549295774,6305.633802816901,0.13075506445672191
103,14,51,33,7.313725490196078,6000.0,0.09392265193370165
103,15,58,34,6.4655172413793105,7101.724137931034,0.10681399631675875
103,16,47,26,6.591489361702128,7651.063829787234,0.0865561694290976
103,17,46,28,7.397826086956522,7002.173913043478,0.0847145488029466
103,18,50,30,7.03,8354.0,0.09208103130755065
103,19,42,23,6.578571428571429,7321.428571428572,0.07734806629834254
103,20,36,23,6.625,8608.333333333334,0.06629834254143646
103,21,25,14,6.752000000000001,6136.0,0.04604051565377532
104,10,37,24,6.2,7386.486486486487,0.05089408528198074
104,11,47,23,7.334042553191489,6859.574468085107,0.06464924346629987
104,12,88,55,6.915909090909091,8604.545454545454,0.12104539202200826
104,13,81,50,6.846913580246913,8181.481481481482,0.11141678129298486
104,14,91,58,6.795604395604395,8460.439560439561,0.12517193947730398
104,15,66,36,6.756060606060606,7686.363636363636,0.0907840440165062
104,16,45,29,6.702222222222223,6362.222222222223,0.061898211829436035
104,17,77,43,6.6454545454545455,7738.961038961039,0.10591471801925723
104,18,56,36,6.8,8505.357142857143,0.07702888583218707
104,19,65,35,7.332307692307693,6421.538461538462,0.08940852819807428
104,20,43,27,7.009302325581395,6902.325581395349,0.059147180192572216
104,21,31,19,7.329032258064516,8867.741935483871,0.04264099037138927
105,10,45,26,6.602222222222223,7455.555555555556,0.055350553505535055
105,11,66,43,6.434848484848485,7836.363636363636,0.08118081180811808
105,12,60,41,7.073333333333333,8506.666666666666,0.07380073800738007
105,13,83,56,6.639759036144579,6471.084337349397,0.10209102091020911
105,14,100,57,6.7620000000000005,7610.0,0.12300123001230012
105,15,92,49,7.060869565217391,8130.434782608696,0.11316113161131611
105,16,57,37,7.594736842105263,9954.38596491228,0.07011070110701106
105,17,68,41,7.248529411764705,7395.588235294118,0.08364083640836409
105,18,63,40,6.884126984126984,8011.111111111111,0.07749077490774908
105,19,61,35,6.834426229508196,6403.2786885245905,0.07503075030750307
105,20,73,42,6.641095890410959,7571.232876712329,0.0897908979089791
105,21,45,26,7.228888888888889,8904.444444444445,0.055350553505535055
106,10,23,14,7.4739130434782615,5856.521739130435,0.04121863799283154
106,11,29,18,7.255172413793104,7258.620689655172,0.05197132616487455
106,12,73,43,6.749315068493151,8469.86301369863,0.13082437275985664
106,13,49,26,6.440816326530613,10104.081632653062,0.08781362007168458
106,14,56,32,6.3875,5916.071428571428,0.1003584229390681
106,15,57,33,6.857894736842105,8324.561403508771,0.10215053763440861
106,16,47,29,6.919148936170212,8672.340425531915,0.08422939068100359
106,17,53,29,6.969811320754718,7686.792452830188,0.09498207885304659
106,18,44,29,5.945454545454546,7615.909090909091,0.07885304659498207
106,19,59,35,7.428813559322034,9449.152542372882,0.1057347670250896
106,20,32,17,6.65625,7793.75,0.05734767025089606
106,21,36,20,6.586111111111111,7852.777777777777,0.06451612903225806
107,10,26,18,7.157692307692307,8926.923076923076,0.0406885758998435
107,11,43,29,6.369767441860464,6113.953488372093,0.06729264475743349
107,12,46,30,6.610869565217392,9450.0,0.07198748043818466
107,13,84,47,7.213095238095238,7486.9047619047615,0.13145539906103287
107,14,67,42,7.062686567164179,6870.149253731343,0.10485133020344288
107,15,63,38,6.9222222222222225,5534.920634920635,0.09859154929577464
107,16,77,43,6.663636363636364,8157.142857142857,0.12050078247261346
107,17,47,30,7.502127659574469,10040.425531914894,0.07355242566510173
107,18,69,40,6.756521739130434,6094.202898550725,0.107981220657277
107,19,60,39,6.616666666666666,6966.666666666667,0.09389671361502347
107,20,28,20,6.589285714285714,8153.571428571428,0.04381846635367762
107,21,29,18,6.058620689655172,5027.586206896552,0.04538341158059468
108,10,36,17,7.466666666666667,7822.222222222223,0.03991130820399113
108,11,48,34,6.516666666666667,7043.75,0.05321507760532151
108,12,75,40,6.793333333333333,9142.666666666666,0.08314855875831485
108,13,108,64,6.684259259259259,6187.962962962963,0.1197339246119734
108,14,87,47,6.683908045977011,8065.517241379311,0.09645232815964523
108,15,82,47,6.9939024390243905,8873.170731707318,0.09090909090909091
108,16,95,59,6.6978947368421045,7357.894736842105,0.10532150776053215
108,17,61,40,6.963934426229509,6862.295081967213,0.06762749445676275
108,18,117,59,6.831623931623931,6520.51282051282,0.12971175166297116
108,19,66,41,6.457575757575757,6451.515151515152,0.07317073170731707
108,20,65,44,6.924615384615385,7040.0,0.07206208425720621
108,21,62,40,6.290322580645161,9024.193548387097,0.06873614190687362
109,10,30,20,6.430000000000001,6016.666666666667,0.037082818294190356
109,11,58,33,6.843103448275862,9627.586206896553,0.07169344870210136
109,12,73,48,6.809589041095891,7400.0,0.09023485784919653
109,13,74,51,6.975675675675676,8331.081081081082,0.09147095179233622
109,14,82,53,6.525609756097562,7302.4390243902435,0.10135970333745364
109,15,78,47,7.00897435897436,7564.102564102564,0.09641532756489493
109,16,97,53,6.61958762886598,9209.278350515464,0.11990111248454882
109,17,99,60,6.921212121212122,8935.353535353535,0.12237330037082818
109,18,66,38,6.9803030303030305,8537.878787878788,0.0815822002472188
109,19,69,44,6.833333333333333,7876.811594202899,0.08529048207663782
109,20,41,27,6.802439024390243,8841.463414634147,0.05067985166872682
109,21,42,24,7.080952380952381,6933.333333333333,0.0519159456118665
110,10,59,34,6.738983050847458,6491.525423728814,0.08228730822873083
110,11,34,26,6.552941176470589,6550.0,0.04741980474198047
110,12,61,38,6.536065573770491,10245.901639344262,0.08507670850767085
110,13,67,43,6.619402985074627,6846.268656716418,0.09344490934449093
110,14,65,42,6.689230769230769,8809.23076923077,0.09065550906555091
110,15,73,40,6.646575342465753,7516.438356164384,0.10181311018131102
110,16,66,43,6.260606060606061,6516.666666666667,0.09205020920502092
110,17,60,37,7.066666666666666,6553.333333333333,0.08368200836820083
110,18,89,55,6.959550561797752,8940.449438202248,0.12412831241283125
110,19,54,36,6.261111111111112,5361.111111111111,0.07531380753138076
110,20,48,26,7.035416666666666,8583.333333333334,0.06694560669456066
110,21,41,27,6.751219512195123,7702.4390243902435,0.05718270571827057
111,10,48,30,6.629166666666666,8075.0,0.0502092050209205
111,11,80,47,7.34375,6791.25,0.08368200836820083
111,12,80,51,6.62,9296.25,0.08368200836820083
111,13,106,69,6.117924528301887,6695.2830188679245,0.1108786610878661
111,14,88,54,6.817045454545454,8659.09090909091,0.09205020920502092
111,15,94,61,6.546808510638297,7080.851063829788,0.09832635983263599
111,16,96,53,6.463541666666667,7829.166666666667,0.100418410041841
111,17,96,63,6.4781249999999995,8441.666666666666,0.100418410041841
111,18,74,47,6.12027027027027,8094.594594594595,0.07740585774058577
111,19,88,55,6.9965909090909095,7996.590909090909,0.09205020920502092
111,20,42,30,6.864285714285715,7476.190476190476,0.043933054393305436
111,21,64,43,6.4359375,5975.0,0.06694560669456066
112,10,39,26,6.676923076923076,5566.666666666667,0.04918032786885246
112,11,44,29,6.911363636363637,6859.090909090909,0.05548549810844893
112,12,73,41,7.035616438356165,7935.6164383561645,0.09205548549810845
112,13,82,46,6.282926829268293,7346.341463414634,0.1034047919293821
112,14,96,59,6.735416666666667,7589.583333333333,0.1210592686002522
112,15,76,45,6.677631578947368,7747.368421052632,0.09583858764186633
112,16,64,46,7.096875,6276.5625,0.0807061790668348
112,17,75,48,6.626666666666667,9753.333333333334,0.09457755359394704
112,18,87,50,7.025287356321839,8689.655172413793,0.10970996216897856
112,19,79,42,6.946835443037974,8170.886075949367,0.09962168978562422
112,20,54,30,7.17962962962963,6988.888888888889,0.06809583858764187
112,21,24,14,6.758333333333333,6133.333333333333,0.03026481715006305
113,10,32,19,6.6125,8612.5,0.06477732793522267
113,11,44,25,6.656818181818181,6834.090909090909,0.08906882591093117
113,12,42,28,6.866666666666666,6878.571428571428,0.08502024291497975
113,13,39,26,7.44102564102564,8202.564102564103,0.07894736842105263
113,14,76,43,6.125,9228.947368421053,0.15384615384615385
113,15,42,27,5.890476190476191,6404.761904761905,0.08502024291497975
113,16,38,26,6.5,9557.894736842105,0.07692307692307693
113,17,50,27,7.16,5484.0,0.10121457489878542
113,18,45,22,6.348888888888888,8960.0,0.09109311740890688
113,19,18,12,6.672222222222222,2705.5555555555557,0.03643724696356275
113,20,37,20,6.605405405405405,7086.486486486487,0.07489878542510121
113,21,31,16,6.993548387096774,10790.322580645161,0.06275303643724696
114,10,25,14,6.824,10680.0,0.04621072088724584
114,11,21,17,5.828571428571429,6066.666666666667,0.038817005545286505
114,12,62,38,6.817741935483871,7537.096774193548,0.11460258780036968
114,13,64,36,6.91875,7696.875,0.11829944547134935
114,14,39,25,6.3769230769230765,8023.076923076923,0.07208872458410351
114,15,54,32,6.309259259259259,8518.518518518518,0.09981515711645102
114,16,58,34,6.529310344827586,6575.862068965517,0.10720887245841035
114,17,51,30,5.956862745098039,5398.0392156862745,0.09426987060998152
114,18,66,39,7.2696969696969695,7430.30303030303,0.12199630314232902
114,19,40,25,7.029999999999999,8847.5,0.07393715341959335
114,20,42,26,7.080952380952381,6752.380952380952,0.07763401109057301
114,21,19,11,7.684210526315789,6063.1578947368425,0.03512014787430684
115,10,20,14,7.359999999999999,9585.0,0.03278688524590164
115,11,31,19,6.606451612903226,9906.451612903225,0.05081967213114754
115,12,43,23,7.216279069767442,6579.069767441861,0.07049180327868852
115,13,76,41,6.742105263157894,7810.526315789473,0.12459016393442623
115,14,77,54,6.938961038961039,8157.142857142857,0.12622950819672132
115,15,65,39,7.029230769230769,6113.846153846154,0.10655737704918032
115,16,66,36,6.33030303030303,6616.666666666667,0.10819672131147541
115,17,48,32,6.447916666666667,7929.166666666667,0.07868852459016394
115,18,62,32,6.682258064516129,7812.903225806452,0.10163934426229508
115,19,46,25,6.502173913043479,6404.347826086957,0.07540983606557378
115,20,41,25,6.960975609756097,8480.487804878048,0.06721311475409836
115,21,35,21,6.782857142857143,5808.571428571428,0.05737704918032787
116,10,26,15,7.269230769230769,7265.384615384615,0.04805914972273567
116,11,32,22,5.93125,9221.875,0.059149722735674676
116,12,57,33,6.1912280701754385,8021.0526315789475,0.10536044362292052
116,13,60,34,6.944999999999999,8043.333333333333,0.11090573012939002
116,14,59,37,6.359322033898305,6284.745762711865,0.10905730129390019
116,15,57,34,7.0964912280701755,6314.035087719299,0.10536044362292052
116,16,37,25,6.554054054054054,6675.675675675676,0.06839186691312385
116,17,32,19,6.20625,7340.625,0.059149722735674676
116,18,66,37,6.348484848484849,6154.545454545455,0.12199630314232902
116,19,54,30,6.635185185185185,8020.37037037037,0.09981515711645102
116,20,26,18,7.3307692307692305,8215.384615384615,0.04805914972273567
116,21,35,24,6.514285714285714,8451.42857142857,0.06469500924214418
117,10,34,24,6.273529411764706,6035.294117647059,0.04171779141104295
117,11,47,33,6.793617021276596,5844.68085106383,0.05766871165644172
117,12,96,56,6.464583333333334,6873.958333333333,0.11779141104294479
117,13,106,60,6.565094339622641,7079.245283018868,0.13006134969325153
117,14,67,40,7.404477611940298,11047.76119402985,0.08220858895705521
117,15,91,55,6.564835164835165,7073.626373626374,0.1116564417177914
117,16,79,53,6.555696202531645,8035.443037974684,0.09693251533742331
117,17,66,43,7.307575757575758,9633.333333333334,0.08098159509202454
117,18,82,46,7.1658536585365855,8679.268292682927,0.10061349693251534
117,19,60,37,6.533333333333333,7065.0,0.0736196319018405
117,20,44,25,6.363636363636363,9668.181818181818,0.053987730061349694
117,21,43,23,6.486046511627906,7420.930232558139,0.05276073619631902
118,10,46,24,7.336956521739131,9506.521739130434,0.06318681318681318
118,11,55,33,6.663636363636364,6640.0,0.07554945054945054
118,12,60,40,7.035,8686.666666666666,0.08241758241758242
118,13,67,41,7.101492537313433,7595.522388059701,0.09203296703296704
118,14,87,52,6.988505747126437,6891.954022988506,0.11950549450549451
118,15,71,47,5.974647887323943,8466.197183098591,0.09752747252747253
118,16,69,45,7.033333333333333,8144.927536231884,0.09478021978021978
118,17,60,36,6.598333333333333,11000.0,0.08241758241758242
118,18,75,39,7.053333333333334,7554.666666666667,0.10302197802197802
118,19,53,30,6.416981132075472,7801.88679245283,0.07280219780219781
118,20,57,34,6.971929824561403,8350.877192982456,0.0782967032967033
118,21,28,17,6.635714285714286,8310.714285714286,0.038461538461538464
119,10,33,20,7.154545454545454,7772.727272727273,0.054365733113673806
119,11,21,18,6.404761904761905,5114.285714285715,0.03459637561779242
119,12,52,31,6.290384615384616,7307.692307692308,0.085667215815486
119,13,84,52,6.300000000000001,7966.666666666667,0.13838550247116968
119,14,72,45,6.675000000000001,7384.722222222223,0.1186161449752883
119,15,39,23,6.887179487179488,7571.794871794872,0.0642504118616145
119,16,42,32,6.176190476190476,6897.619047619048,0.06919275123558484
119,17,54,35,6.453703703703703,8385.185185185184,0.08896210873146623
119,18,64,38,6.8890625,7589.0625,0.10543657331136738
119,19,64,36,6.7546875,8271.875,0.10543657331136738
119,20,47,29,6.689361702127659,9819.148936170213,0.07742998352553541
119,21,35,19,6.819999999999999,6157.142857142857,0.057660626029654036
120,10,41,23,7.068292682926829,9992.682926829268,0.056865464632454926
120,11,47,29,6.75531914893617,4665.95744680851,0.0651872399445215
120,12,59,33,6.403389830508475,7454.237288135593,0.08183079056865465
120,13,90,53,6.8355555555555565,7196.666666666667,0.12482662968099861
120,14,82,48,7.382926829268293,8078.048780487805,0.11373092926490985
120,15,56,36,6.939285714285715,6764.285714285715,0.07766990291262135
120,16,57,38,7.238596491228071,6784.210526315789,0.07905686546463246
120,17,71,42,6.492957746478873,10921.12676056338,0.09847434119278779
120,18,60,34,7.086666666666667,11450.0,0.08321775312066575
120,19,62,38,6.683870967741935,8550.0,0.08599167822468794
120,20,49,28,6.0265306122448985,6265.306122448979,0.06796116504854369
120,21,47,25,6.842553191489362,6693.617021276596,0.0651872399445215
