에이전트ID,고객분류,고객분류명,카메라,방문 구역,구매여부,구매 물품,성별,성인/비성인,시간대,1_체류(초),2_체류(초),3_체류(초),4_체류(초)
V0001,여성_미확인,여성 미확인,ch3,-,X,-,여성,미확인,-,0.0,0.0,0.0,0.0
V0002,여성_미확인,여성 미확인,ch3,-,X,-,여성,미확인,-,0.0,0.0,0.0,0.0
V0003,미확인_미확인,미확인 미확인,ch3,-,X,-,미확인,미확인,-,0.0,0.0,0.0,0.0
V0004,미확인_미확인,미확인 미확인,ch3,-,X,-,미확인,미확인,-,0.0,0.0,0.0,0.0
V0005,미확인_미확인,미확인 미확인,ch3,-,X,-,미확인,미확인,-,0.0,0.0,0.0,0.0
V0006,미확인_미확인,미확인 미확인,ch3,-,X,-,미확인,미확인,-,0.0,0.0,0.0,0.0
V0007,미확인_미확인,미확인 미확인,ch3,-,X,-,미확인,미확인,-,0.0,0.0,0.0,0.0
V0008,미확인_미확인,미확인 미확인,ch3,-,X,-,미확인,미확인,-,0.0,0.0,0.0,0.0
V0009,여성_미확인,여성 미확인,ch3,"3, 4",X,-,여성,미확인,-,0.0,0.0,24.3,31.7
V0010,여성_미확인,여성 미확인,ch3,-,X,-,여성,미확인,-,0.0,0.0,0.0,0.0
V0011,여성_미확인,여성 미확인,ch3,-,X,-,여성,미확인,-,0.0,0.0,0.0,0.0
V0012,미확인_미확인,미확인 미확인,ch3,-,X,-,미확인,미확인,-,0.0,0.0,0.0,0.0
V0013,미확인_미확인,미확인 미확인,ch3,-,X,-,미확인,미확인,-,0.0,0.0,0.0,0.0
V0014,여성_미확인,여성 미확인,ch3,-,X,-,여성,미확인,-,0.0,0.0,0.0,0.0
V0015,여성_미확인,여성 미확인,ch3,-,X,-,여성,미확인,-,0.0,0.0,0.0,0.0
V0016,여성_미확인,여성 미확인,ch3,-,X,-,여성,미확인,-,0.0,0.0,0.0,0.0
V0017,여성_미확인,여성 미확인,ch3,4,X,-,여성,미확인,-,0.0,0.0,0.0,59.5
V0018,미확인_미확인,미확인 미확인,ch3,-,X,-,미확인,미확인,-,0.0,0.0,0.0,0.0
V0019,미확인_미확인,미확인 미확인,ch3,-,X,-,미확인,미확인,-,0.0,0.0,0.0,0.0
V0020,여성_미확인,여성 미확인,ch3,-,X,-,여성,미확인,-,0.0,0.0,0.0,0.0
V0021,여성_미확인,여성 미확인,ch3,-,X,-,여성,미확인,-,0.0,0.0,0.0,0.0
V0022,여성_미확인,여성 미확인,ch3,1,X,-,여성,미확인,-,4.5,0.0,0.0,0.0
V0023,여성_미확인,여성 미확인,ch3,-,X,-,여성,미확인,-,0.0,0.0,0.0,0.0
V0024,여성_미확인,여성 미확인,ch3,-,X,-,여성,미확인,-,0.0,0.0,0.0,0.0
V0025,여성_미확인,여성 미확인,ch3,-,X,-,여성,미확인,-,0.0,0.0,0.0,0.0
V0026,여성_미확인,여성 미확인,ch3,4,X,-,여성,미확인,-,0.0,0.0,0.0,3.5
V0027,여성_미확인,여성 미확인,ch3,-,X,-,여성,미확인,-,0.0,0.0,0.0,0.0
V0028,여성_미확인,여성 미확인,ch3,-,X,-,여성,미확인,-,0.0,0.0,0.0,0.0
V0029,남성_미확인,남성 미확인,ch3,-,X,-,남성,미확인,-,0.0,0.0,0.0,0.0
V0030,여성_미확인,여성 미확인,ch3,-,X,-,여성,미확인,-,0.0,0.0,0.0,0.0
V0031,여성_미확인,여성 미확인,ch3,-,X,-,여성,미확인,-,0.0,0.0,0.0,0.0
V0032,여성_미확인,여성 미확인,ch3,-,X,-,여성,미확인,-,0.0,0.0,0.0,0.0
V0033,여성_미확인,여성 미확인,ch3,-,X,-,여성,미확인,-,0.0,0.0,0.0,0.0
V0034,여성_미확인,여성 미확인,ch3,-,X,-,여성,미확인,-,0.0,0.0,0.0,0.0
V0035,여성_미확인,여성 미확인,ch3,-,X,-,여성,미확인,-,0.0,0.0,0.0,0.0
V0036,여성_미확인,여성 미확인,ch3,-,X,-,여성,미확인,-,0.0,0.0,0.0,0.0
V0037,여성_미확인,여성 미확인,ch3,4,X,-,여성,미확인,-,0.0,0.0,0.0,3.2
V0038,미확인_미확인,미확인 미확인,ch3,-,X,-,미확인,미확인,-,0.0,0.0,0.0,0.0
V0039,여성_미확인,여성 미확인,ch3,-,X,-,여성,미확인,-,0.0,0.0,0.0,0.0
V0040,여성_미확인,여성 미확인,ch3,-,X,-,여성,미확인,-,0.0,0.0,0.0,0.0
V0041,여성_미확인,여성 미확인,ch3,-,X,-,여성,미확인,-,0.0,0.0,0.0,0.0
V0042,여성_미확인,여성 미확인,ch3,3,X,-,여성,미확인,-,0.0,0.0,4.5,0.0
V0043,여성_미확인,여성 미확인,ch3,-,X,-,여성,미확인,-,0.0,0.0,0.0,0.0
V0044,여성_미확인,여성 미확인,ch3,-,X,-,여성,미확인,-,0.0,0.0,0.0,0.0
V0045,여성_미확인,여성 미확인,ch3,-,X,-,여성,미확인,-,0.0,0.0,0.0,0.0
V0046,미확인_미확인,미확인 미확인,ch3,-,X,-,미확인,미확인,-,0.0,0.0,0.0,0.0
V0047,여성_미확인,여성 미확인,ch3,-,X,-,여성,미확인,-,0.0,0.0,0.0,0.0
V0048,여성_미확인,여성 미확인,ch3,-,X,-,여성,미확인,-,0.0,0.0,0.0,0.0
V0049,미확인_미확인,미확인 미확인,ch3,-,X,-,미확인,미확인,-,0.0,0.0,0.0,0.0
V0050,여성_미확인,여성 미확인,ch3,-,X,-,여성,미확인,-,0.0,0.0,0.0,0.0
V0051,미확인_미확인,미확인 미확인,ch3,-,X,-,미확인,미확인,-,0.0,0.0,0.0,0.0
V0052,여성_미확인,여성 미확인,ch3,-,X,-,여성,미확인,-,0.0,0.0,0.0,0.0
V0053,여성_미확인,여성 미확인,ch3,-,X,-,여성,미확인,-,0.0,0.0,0.0,0.0
V0054,여성_미확인,여성 미확인,ch3,-,X,-,여성,미확인,-,0.0,0.0,0.0,0.0
V0055,미확인_미확인,미확인 미확인,ch3,-,X,-,미확인,미확인,-,0.0,0.0,0.0,0.0
V0056,여성_미확인,여성 미확인,ch3,-,X,-,여성,미확인,-,0.0,0.0,0.0,0.0
V0057,여성_미확인,여성 미확인,ch3,-,X,-,여성,미확인,-,0.0,0.0,0.0,0.0
V0058,여성_미확인,여성 미확인,ch3,-,X,-,여성,미확인,-,0.0,0.0,0.0,0.0
V0059,여성_미확인,여성 미확인,ch3,-,X,-,여성,미확인,-,0.0,0.0,0.0,0.0
V0060,여성_미확인,여성 미확인,ch3,-,X,-,여성,미확인,-,0.0,0.0,0.0,0.0
V0061,여성_미확인,여성 미확인,ch3,-,X,-,여성,미확인,-,0.0,0.0,0.0,0.0
V0062,여성_미확인,여성 미확인,ch3,-,X,-,여성,미확인,-,0.0,0.0,0.0,0.0
V0063,여성_미확인,여성 미확인,ch3,-,X,-,여성,미확인,-,0.0,0.0,0.0,0.0
V0064,미확인_미확인,미확인 미확인,ch3,-,X,-,미확인,미확인,-,0.0,0.0,0.0,0.0
V0065,여성_미확인,여성 미확인,ch3,-,X,-,여성,미확인,-,0.0,0.0,0.0,0.0
V0066,여성_미확인,여성 미확인,ch3,-,X,-,여성,미확인,-,0.0,0.0,0.0,0.0
V0067,여성_미확인,여성 미확인,ch3,2,X,-,여성,미확인,-,0.0,3.6,0.0,0.0
V0068,여성_미확인,여성 미확인,ch3,-,X,-,여성,미확인,-,0.0,0.0,0.0,0.0
V0069,여성_미확인,여성 미확인,ch3,3,X,-,여성,미확인,-,0.0,0.0,12.5,0.0
V0070,여성_미확인,여성 미확인,ch3,-,X,-,여성,미확인,-,0.0,0.0,0.0,0.0
V0071,미확인_미확인,미확인 미확인,ch3,-,X,-,미확인,미확인,-,0.0,0.0,0.0,0.0
V0072,여성_미확인,여성 미확인,ch3,-,X,-,여성,미확인,-,0.0,0.0,0.0,0.0
V0073,여성_미확인,여성 미확인,ch3,4,X,-,여성,미확인,-,0.0,0.0,0.0,3.7
V0074,여성_미확인,여성 미확인,ch3,-,X,-,여성,미확인,-,0.0,0.0,0.0,0.0
V0075,여성_미확인,여성 미확인,ch3,-,X,-,여성,미확인,-,0.0,0.0,0.0,0.0
V0076,미확인_미확인,미확인 미확인,ch3,-,X,-,미확인,미확인,-,0.0,0.0,0.0,0.0
V0077,여성_미확인,여성 미확인,ch3,-,X,-,여성,미확인,-,0.0,0.0,0.0,0.0
V0078,여성_미확인,여성 미확인,ch3,-,X,-,여성,미확인,-,0.0,0.0,0.0,0.0
V0079,여성_미확인,여성 미확인,ch3,-,X,-,여성,미확인,-,0.0,0.0,0.0,0.0
V0080,미확인_미확인,미확인 미확인,ch3,-,X,-,미확인,미확인,-,0.0,0.0,0.0,0.0
V0081,미확인_미확인,미확인 미확인,ch3,-,X,-,미확인,미확인,-,0.0,0.0,0.0,0.0
V0082,미확인_미확인,미확인 미확인,ch3,-,X,-,미확인,미확인,-,0.0,0.0,0.0,0.0
V0083,여성_미확인,여성 미확인,ch3,-,X,-,여성,미확인,-,0.0,0.0,0.0,0.0
V0084,여성_미확인,여성 미확인,ch3,-,X,-,여성,미확인,-,0.0,0.0,0.0,0.0
V0085,여성_미확인,여성 미확인,ch3,-,X,-,여성,미확인,-,0.0,0.0,0.0,0.0
V0086,여성_미확인,여성 미확인,ch3,-,X,-,여성,미확인,-,0.0,0.0,0.0,0.0
V0087,여성_미확인,여성 미확인,ch3,-,X,-,여성,미확인,-,0.0,0.0,0.0,0.0
V0088,미확인_미확인,미확인 미확인,ch3,-,X,-,미확인,미확인,-,0.0,0.0,0.0,0.0
V0089,여성_미확인,여성 미확인,ch3,-,X,-,여성,미확인,-,0.0,0.0,0.0,0.0
V0090,여성_미확인,여성 미확인,ch3,3,X,-,여성,미확인,-,0.0,0.0,3.3,0.0
V0091,여성_미확인,여성 미확인,ch3,-,X,-,여성,미확인,-,0.0,0.0,0.0,0.0
V0092,여성_미확인,여성 미확인,ch3,-,X,-,여성,미확인,-,0.0,0.0,0.0,0.0
V0093,미확인_미확인,미확인 미확인,ch3,-,X,-,미확인,미확인,-,0.0,0.0,0.0,0.0
V0094,여성_미확인,여성 미확인,ch3,-,X,-,여성,미확인,-,0.0,0.0,0.0,0.0
V0095,여성_미확인,여성 미확인,ch3,-,X,-,여성,미확인,-,0.0,0.0,0.0,0.0
V0096,여성_미확인,여성 미확인,ch3,-,X,-,여성,미확인,-,0.0,0.0,0.0,0.0
V0097,여성_미확인,여성 미확인,ch3,-,X,-,여성,미확인,-,0.0,0.0,0.0,0.0
V0098,미확인_미확인,미확인 미확인,ch3,-,X,-,미확인,미확인,-,0.0,0.0,0.0,0.0
V0099,여성_미확인,여성 미확인,ch3,-,X,-,여성,미확인,-,0.0,0.0,0.0,0.0
V0100,여성_미확인,여성 미확인,ch3,-,X,-,여성,미확인,-,0.0,0.0,0.0,0.0
V0101,여성_미확인,여성 미확인,ch3,-,X,-,여성,미확인,-,0.0,0.0,0.0,0.0
V0102,여성_미확인,여성 미확인,ch3,-,X,-,여성,미확인,-,0.0,0.0,0.0,0.0
V0103,여성_미확인,여성 미확인,ch3,-,X,-,여성,미확인,-,0.0,0.0,0.0,0.0
V0104,여성_미확인,여성 미확인,ch3,-,X,-,여성,미확인,-,0.0,0.0,0.0,0.0
V0105,여성_미확인,여성 미확인,ch3,-,X,-,여성,미확인,-,0.0,0.0,0.0,0.0
V0106,여성_미확인,여성 미확인,ch3,-,X,-,여성,미확인,-,0.0,0.0,0.0,0.0
V0107,여성_미확인,여성 미확인,ch3,-,X,-,여성,미확인,-,0.0,0.0,0.0,0.0
V0108,여성_미확인,여성 미확인,ch3,-,X,-,여성,미확인,-,0.0,0.0,0.0,0.0
V0109,여성_미확인,여성 미확인,ch3,-,X,-,여성,미확인,-,0.0,0.0,0.0,0.0
V0110,여성_미확인,여성 미확인,ch3,-,X,-,여성,미확인,-,0.0,0.0,0.0,0.0
V0111,여성_미확인,여성 미확인,ch3,-,X,-,여성,미확인,-,0.0,0.0,0.0,0.0
V0112,여성_미확인,여성 미확인,ch3,-,X,-,여성,미확인,-,0.0,0.0,0.0,0.0
V0113,여성_미확인,여성 미확인,ch3,-,X,-,여성,미확인,-,0.0,0.0,0.0,0.0
V0114,여성_미확인,여성 미확인,ch3,-,X,-,여성,미확인,-,0.0,0.0,0.0,0.0
V0115,여성_미확인,여성 미확인,ch3,-,X,-,여성,미확인,-,0.0,0.0,0.0,0.0
V0116,여성_미확인,여성 미확인,ch3,-,X,-,여성,미확인,-,0.0,0.0,0.0,0.0
V0117,여성_미확인,여성 미확인,ch3,-,X,-,여성,미확인,-,0.0,0.0,0.0,0.0
V0118,여성_미확인,여성 미확인,ch3,3,X,-,여성,미확인,-,0.0,0.0,4.9,0.0
V0119,여성_미확인,여성 미확인,ch3,-,X,-,여성,미확인,-,0.0,0.0,0.0,0.0
V0120,여성_미확인,여성 미확인,ch3,-,X,-,여성,미확인,-,0.0,0.0,0.0,0.0
V0121,여성_미확인,여성 미확인,ch3,-,X,-,여성,미확인,-,0.0,0.0,0.0,0.0
V0122,여성_미확인,여성 미확인,ch3,-,X,-,여성,미확인,-,0.0,0.0,0.0,0.0
V0123,미확인_미확인,미확인 미확인,ch3,-,X,-,미확인,미확인,-,0.0,0.0,0.0,0.0
V0124,미확인_미확인,미확인 미확인,ch3,-,X,-,미확인,미확인,-,0.0,0.0,0.0,0.0
V0125,미확인_미확인,미확인 미확인,ch3,-,X,-,미확인,미확인,-,0.0,0.0,0.0,0.0
V0126,미확인_미확인,미확인 미확인,ch3,-,X,-,미확인,미확인,-,0.0,0.0,0.0,0.0
V0127,여성_미확인,여성 미확인,ch3,-,X,-,여성,미확인,-,0.0,0.0,0.0,0.0
V0128,여성_미확인,여성 미확인,ch3,4,X,-,여성,미확인,-,0.0,0.0,0.0,9.2
V0129,여성_미확인,여성 미확인,ch3,-,X,-,여성,미확인,-,0.0,0.0,0.0,0.0
V0130,여성_미확인,여성 미확인,ch3,-,X,-,여성,미확인,-,0.0,0.0,0.0,0.0
V0131,여성_미확인,여성 미확인,ch3,-,X,-,여성,미확인,-,0.0,0.0,0.0,0.0
V0132,여성_미확인,여성 미확인,ch3,-,X,-,여성,미확인,-,0.0,0.0,0.0,0.0
V0133,여성_미확인,여성 미확인,ch3,-,X,-,여성,미확인,-,0.0,0.0,0.0,0.0
V0134,여성_미확인,여성 미확인,ch3,-,X,-,여성,미확인,-,0.0,0.0,0.0,0.0
V0135,여성_미확인,여성 미확인,ch3,2,X,-,여성,미확인,-,0.0,3.9,0.0,0.0
V0136,여성_미확인,여성 미확인,ch3,-,X,-,여성,미확인,-,0.0,0.0,0.0,0.0
V0137,여성_미확인,여성 미확인,ch3,-,X,-,여성,미확인,-,0.0,0.0,0.0,0.0
V0138,여성_미확인,여성 미확인,ch3,-,X,-,여성,미확인,-,0.0,0.0,0.0,0.0
V0139,여성_미확인,여성 미확인,ch3,-,X,-,여성,미확인,-,0.0,0.0,0.0,0.0
V0140,여성_미확인,여성 미확인,ch3,-,X,-,여성,미확인,-,0.0,0.0,0.0,0.0
V0141,여성_미확인,여성 미확인,ch3,-,X,-,여성,미확인,-,0.0,0.0,0.0,0.0
V0142,여성_미확인,여성 미확인,ch3,3,X,-,여성,미확인,-,0.0,0.0,6.6,0.0
V0143,여성_미확인,여성 미확인,ch3,-,X,-,여성,미확인,-,0.0,0.0,0.0,0.0
V0144,여성_미확인,여성 미확인,ch3,-,X,-,여성,미확인,-,0.0,0.0,0.0,0.0
V0145,여성_미확인,여성 미확인,ch3,-,X,-,여성,미확인,-,0.0,0.0,0.0,0.0
V0146,여성_미확인,여성 미확인,ch3,-,X,-,여성,미확인,-,0.0,0.0,0.0,0.0
V0147,여성_미확인,여성 미확인,ch3,-,X,-,여성,미확인,-,0.0,0.0,0.0,0.0
V0148,여성_미확인,여성 미확인,ch3,-,X,-,여성,미확인,-,0.0,0.0,0.0,0.0
V0149,여성_미확인,여성 미확인,ch3,-,X,-,여성,미확인,-,0.0,0.0,0.0,0.0
V0150,여성_미확인,여성 미확인,ch3,-,X,-,여성,미확인,-,0.0,0.0,0.0,0.0
V0151,여성_미확인,여성 미확인,ch3,-,X,-,여성,미확인,-,0.0,0.0,0.0,0.0
V0152,여성_미확인,여성 미확인,ch3,-,X,-,여성,미확인,-,0.0,0.0,0.0,0.0
V0153,여성_미확인,여성 미확인,ch3,-,X,-,여성,미확인,-,0.0,0.0,0.0,0.0
V0154,미확인_미확인,미확인 미확인,ch3,-,X,-,미확인,미확인,-,0.0,0.0,0.0,0.0
V0155,여성_미확인,여성 미확인,ch3,-,X,-,여성,미확인,-,0.0,0.0,0.0,0.0
V0156,여성_미확인,여성 미확인,ch3,-,X,-,여성,미확인,-,0.0,0.0,0.0,0.0
V0157,여성_미확인,여성 미확인,ch3,-,X,-,여성,미확인,-,0.0,0.0,0.0,0.0
V0158,여성_미확인,여성 미확인,ch3,-,X,-,여성,미확인,-,0.0,0.0,0.0,0.0
V0159,여성_미확인,여성 미확인,ch3,3,X,-,여성,미확인,-,0.0,0.0,20.2,0.0
V0160,여성_미확인,여성 미확인,ch3,-,X,-,여성,미확인,-,0.0,0.0,0.0,0.0
V0161,여성_미확인,여성 미확인,ch3,-,X,-,여성,미확인,-,0.0,0.0,0.0,0.0
V0162,여성_미확인,여성 미확인,ch3,-,X,-,여성,미확인,-,0.0,0.0,0.0,0.0
V0163,여성_미확인,여성 미확인,ch3,-,X,-,여성,미확인,-,0.0,0.0,0.0,0.0
V0164,여성_미확인,여성 미확인,ch3,-,X,-,여성,미확인,-,0.0,0.0,0.0,0.0
V0165,여성_미확인,여성 미확인,ch3,-,X,-,여성,미확인,-,0.0,0.0,0.0,0.0
V0166,미확인_미확인,미확인 미확인,ch3,-,X,-,미확인,미확인,-,0.0,0.0,0.0,0.0
V0167,여성_미확인,여성 미확인,ch3,-,X,-,여성,미확인,-,0.0,0.0,0.0,0.0
V0168,여성_미확인,여성 미확인,ch3,-,X,-,여성,미확인,-,0.0,0.0,0.0,0.0
V0169,여성_미확인,여성 미확인,ch3,-,X,-,여성,미확인,-,0.0,0.0,0.0,0.0
V0170,미확인_미확인,미확인 미확인,ch3,-,X,-,미확인,미확인,-,0.0,0.0,0.0,0.0
V0171,여성_미확인,여성 미확인,ch3,-,X,-,여성,미확인,-,0.0,0.0,0.0,0.0
V0172,미확인_미확인,미확인 미확인,ch3,-,X,-,미확인,미확인,-,0.0,0.0,0.0,0.0
V0173,미확인_미확인,미확인 미확인,ch3,-,X,-,미확인,미확인,-,0.0,0.0,0.0,0.0
V0174,여성_미확인,여성 미확인,ch3,-,X,-,여성,미확인,-,0.0,0.0,0.0,0.0
V0175,여성_미확인,여성 미확인,ch3,4,X,-,여성,미확인,-,0.0,0.0,0.0,3.1
V0176,여성_미확인,여성 미확인,ch3,-,X,-,여성,미확인,-,0.0,0.0,0.0,0.0
V0177,미확인_미확인,미확인 미확인,ch3,-,X,-,미확인,미확인,-,0.0,0.0,0.0,0.0
V0178,미확인_미확인,미확인 미확인,ch3,-,X,-,미확인,미확인,-,0.0,0.0,0.0,0.0
V0179,미확인_미확인,미확인 미확인,ch3,-,X,-,미확인,미확인,-,0.0,0.0,0.0,0.0
V0180,여성_미확인,여성 미확인,ch3,-,X,-,여성,미확인,-,0.0,0.0,0.0,0.0
V0181,미확인_미확인,미확인 미확인,ch3,-,X,-,미확인,미확인,-,0.0,0.0,0.0,0.0
V0182,여성_미확인,여성 미확인,ch3,-,X,-,여성,미확인,-,0.0,0.0,0.0,0.0
V0183,여성_미확인,여성 미확인,ch3,-,X,-,여성,미확인,-,0.0,0.0,0.0,0.0
V0184,여성_미확인,여성 미확인,ch3,-,X,-,여성,미확인,-,0.0,0.0,0.0,0.0
V0185,여성_미확인,여성 미확인,ch3,-,X,-,여성,미확인,-,0.0,0.0,0.0,0.0
V0186,여성_미확인,여성 미확인,ch3,1,X,-,여성,미확인,-,7.7,0.0,0.0,0.0
V0187,여성_미확인,여성 미확인,ch3,-,X,-,여성,미확인,-,0.0,0.0,0.0,0.0
V0188,여성_미확인,여성 미확인,ch3,-,X,-,여성,미확인,-,0.0,0.0,0.0,0.0
V0189,여성_미확인,여성 미확인,ch6,2,X,-,여성,미확인,-,0.0,21.9,0.0,0.0
V0190,미확인_미확인,미확인 미확인,ch6,-,X,-,미확인,미확인,-,0.0,0.0,0.0,0.0
V0191,여성_미확인,여성 미확인,ch6,2,X,-,여성,미확인,-,0.0,30.4,0.0,0.0
V0192,미확인_미확인,미확인 미확인,ch6,-,X,-,미확인,미확인,-,0.0,0.0,0.0,0.0
V0193,여성_미확인,여성 미확인,ch6,-,X,-,여성,미확인,-,0.0,0.0,0.0,0.0
V0194,여성_미확인,여성 미확인,ch6,-,X,-,여성,미확인,-,0.0,0.0,0.0,0.0
V0195,여성_미확인,여성 미확인,ch6,-,X,-,여성,미확인,-,0.0,0.0,0.0,0.0
V0196,미확인_미확인,미확인 미확인,ch6,-,X,-,미확인,미확인,-,0.0,0.0,0.0,0.0
V0197,여성_미확인,여성 미확인,ch6,-,X,-,여성,미확인,-,0.0,0.0,0.0,0.0
V0198,미확인_미확인,미확인 미확인,ch6,-,X,-,미확인,미확인,-,0.0,0.0,0.0,0.0
V0199,여성_미확인,여성 미확인,ch6,2,X,-,여성,미확인,-,0.0,14.2,0.0,0.0
V0200,미확인_미확인,미확인 미확인,ch6,-,X,-,미확인,미확인,-,0.0,0.0,0.0,0.0
V0201,미확인_미확인,미확인 미확인,ch6,-,X,-,미확인,미확인,-,0.0,0.0,0.0,0.0
V0202,여성_미확인,여성 미확인,ch6,2,X,-,여성,미확인,-,0.0,11.2,0.0,0.0
V0203,여성_미확인,여성 미확인,ch6,2,X,-,여성,미확인,-,0.0,5.6,0.0,0.0
V0204,미확인_미확인,미확인 미확인,ch6,-,X,-,미확인,미확인,-,0.0,0.0,0.0,0.0
V0205,여성_미확인,여성 미확인,ch6,2,X,-,여성,미확인,-,0.0,8.1,0.0,0.0
V0206,여성_미확인,여성 미확인,ch6,2,X,-,여성,미확인,-,0.0,24.6,0.0,0.0
V0207,미확인_미확인,미확인 미확인,ch6,-,X,-,미확인,미확인,-,0.0,0.0,0.0,0.0
V0208,여성_미확인,여성 미확인,ch6,-,X,-,여성,미확인,-,0.0,0.0,0.0,0.0
V0209,여성_미확인,여성 미확인,ch6,-,X,-,여성,미확인,-,0.0,0.0,0.0,0.0
V0210,여성_미확인,여성 미확인,ch6,-,X,-,여성,미확인,-,0.0,0.0,0.0,0.0
V0211,여성_미확인,여성 미확인,ch6,-,X,-,여성,미확인,-,0.0,0.0,0.0,0.0
V0212,미확인_미확인,미확인 미확인,ch6,-,X,-,미확인,미확인,-,0.0,0.0,0.0,0.0
V0213,미확인_미확인,미확인 미확인,ch6,-,X,-,미확인,미확인,-,0.0,0.0,0.0,0.0
V0214,여성_미확인,여성 미확인,ch6,-,X,-,여성,미확인,-,0.0,0.0,0.0,0.0
V0215,여성_미확인,여성 미확인,ch6,2,X,-,여성,미확인,-,0.0,3.2,0.0,0.0
V0216,미확인_미확인,미확인 미확인,ch6,-,X,-,미확인,미확인,-,0.0,0.0,0.0,0.0
V0217,여성_미확인,여성 미확인,ch6,-,X,-,여성,미확인,-,0.0,0.0,0.0,0.0
V0218,여성_미확인,여성 미확인,ch6,-,X,-,여성,미확인,-,0.0,0.0,0.0,0.0
V0219,미확인_미확인,미확인 미확인,ch6,-,X,-,미확인,미확인,-,0.0,0.0,0.0,0.0
V0220,여성_미확인,여성 미확인,ch6,-,X,-,여성,미확인,-,0.0,0.0,0.0,0.0
V0221,여성_미확인,여성 미확인,ch6,-,X,-,여성,미확인,-,0.0,0.0,0.0,0.0
V0222,여성_미확인,여성 미확인,ch6,-,X,-,여성,미확인,-,0.0,0.0,0.0,0.0
V0223,미확인_미확인,미확인 미확인,ch6,-,X,-,미확인,미확인,-,0.0,0.0,0.0,0.0
V0224,여성_미확인,여성 미확인,ch6,-,X,-,여성,미확인,-,0.0,0.0,0.0,0.0
V0225,여성_미확인,여성 미확인,ch6,2,X,-,여성,미확인,-,0.0,10.1,0.0,0.0
V0226,미확인_미확인,미확인 미확인,ch6,-,X,-,미확인,미확인,-,0.0,0.0,0.0,0.0
V0227,여성_미확인,여성 미확인,ch6,2,X,-,여성,미확인,-,0.0,6.9,0.0,0.0
V0228,남성_미확인,남성 미확인,ch6,-,X,-,남성,미확인,-,0.0,0.0,0.0,0.0
V0229,여성_미확인,여성 미확인,ch6,2,X,-,여성,미확인,-,0.0,4.5,0.0,0.0
V0230,여성_미확인,여성 미확인,ch6,2,X,-,여성,미확인,-,0.0,17.0,0.0,0.0
V0231,여성_미확인,여성 미확인,ch6,2,X,-,여성,미확인,-,0.0,5.0,0.0,0.0
V0232,여성_미확인,여성 미확인,ch6,2,X,-,여성,미확인,-,0.0,26.7,0.0,0.0
V0233,여성_미확인,여성 미확인,ch6,-,X,-,여성,미확인,-,0.0,0.0,0.0,0.0
V0234,여성_미확인,여성 미확인,ch6,-,X,-,여성,미확인,-,0.0,0.0,0.0,0.0
V0235,여성_미확인,여성 미확인,ch6,2,X,-,여성,미확인,-,0.0,3.5,0.0,0.0
V0236,미확인_미확인,미확인 미확인,ch6,-,X,-,미확인,미확인,-,0.0,0.0,0.0,0.0
V0237,여성_미확인,여성 미확인,ch6,-,X,-,여성,미확인,-,0.0,0.0,0.0,0.0
V0238,여성_미확인,여성 미확인,ch6,-,X,-,여성,미확인,-,0.0,0.0,0.0,0.0
V0239,여성_미확인,여성 미확인,ch6,2,X,-,여성,미확인,-,0.0,11.0,0.0,0.0
V0240,여성_미확인,여성 미확인,ch6,2,X,-,여성,미확인,-,0.0,7.5,0.0,0.0
V0241,여성_미확인,여성 미확인,ch6,2,X,-,여성,미확인,-,0.0,38.5,0.0,0.0
V0242,미확인_미확인,미확인 미확인,ch6,-,X,-,미확인,미확인,-,0.0,0.0,0.0,0.0
V0243,여성_미확인,여성 미확인,ch6,-,X,-,여성,미확인,-,0.0,0.0,0.0,0.0
V0244,미확인_미확인,미확인 미확인,ch6,-,X,-,미확인,미확인,-,0.0,0.0,0.0,0.0
V0245,여성_미확인,여성 미확인,ch6,-,X,-,여성,미확인,-,0.0,0.0,0.0,0.0
V0246,여성_미확인,여성 미확인,ch6,-,X,-,여성,미확인,-,0.0,0.0,0.0,0.0
V0247,미확인_미확인,미확인 미확인,ch6,-,X,-,미확인,미확인,-,0.0,0.0,0.0,0.0
V0248,여성_미확인,여성 미확인,ch6,-,X,-,여성,미확인,-,0.0,0.0,0.0,0.0
V0249,여성_미확인,여성 미확인,ch6,2,X,-,여성,미확인,-,0.0,7.3,0.0,0.0
V0250,여성_미확인,여성 미확인,ch6,2,X,-,여성,미확인,-,0.0,6.3,0.0,0.0
V0251,미확인_미확인,미확인 미확인,ch6,-,X,-,미확인,미확인,-,0.0,0.0,0.0,0.0
V0252,여성_미확인,여성 미확인,ch6,2,X,-,여성,미확인,-,0.0,4.5,0.0,0.0
V0253,미확인_미확인,미확인 미확인,ch6,-,X,-,미확인,미확인,-,0.0,0.0,0.0,0.0
V0254,여성_미확인,여성 미확인,ch6,-,X,-,여성,미확인,-,0.0,0.0,0.0,0.0
V0255,여성_미확인,여성 미확인,ch6,2,X,-,여성,미확인,-,0.0,4.1,0.0,0.0
V0256,여성_미확인,여성 미확인,ch6,-,X,-,여성,미확인,-,0.0,0.0,0.0,0.0
V0257,미확인_미확인,미확인 미확인,ch6,-,X,-,미확인,미확인,-,0.0,0.0,0.0,0.0
V0258,여성_미확인,여성 미확인,ch6,-,X,-,여성,미확인,-,0.0,0.0,0.0,0.0
V0259,여성_미확인,여성 미확인,ch6,-,X,-,여성,미확인,-,0.0,0.0,0.0,0.0
V0260,여성_미확인,여성 미확인,ch6,2,X,-,여성,미확인,-,0.0,4.6,0.0,0.0
V0261,여성_미확인,여성 미확인,ch6,2,X,-,여성,미확인,-,0.0,3.3,0.0,0.0
V0262,여성_미확인,여성 미확인,ch6,2,X,-,여성,미확인,-,0.0,4.1,0.0,0.0
V0263,미확인_미확인,미확인 미확인,ch6,-,X,-,미확인,미확인,-,0.0,0.0,0.0,0.0
V0264,여성_미확인,여성 미확인,ch6,-,X,-,여성,미확인,-,0.0,0.0,0.0,0.0
V0265,여성_미확인,여성 미확인,ch6,-,X,-,여성,미확인,-,0.0,0.0,0.0,0.0
V0266,남성_미확인,남성 미확인,ch6,-,X,-,남성,미확인,-,0.0,0.0,0.0,0.0
V0267,여성_미확인,여성 미확인,ch6,-,X,-,여성,미확인,-,0.0,0.0,0.0,0.0
V0268,여성_미확인,여성 미확인,ch6,-,X,-,여성,미확인,-,0.0,0.0,0.0,0.0
V0269,여성_미확인,여성 미확인,ch6,-,X,-,여성,미확인,-,0.0,0.0,0.0,0.0
V0270,여성_미확인,여성 미확인,ch6,2,X,-,여성,미확인,-,0.0,27.5,0.0,0.0
V0271,남성_미확인,남성 미확인,ch6,-,X,-,남성,미확인,-,0.0,0.0,0.0,0.0
V0272,여성_미확인,여성 미확인,ch6,-,X,-,여성,미확인,-,0.0,0.0,0.0,0.0
V0273,여성_미확인,여성 미확인,ch6,-,X,-,여성,미확인,-,0.0,0.0,0.0,0.0
V0274,미확인_미확인,미확인 미확인,ch6,-,X,-,미확인,미확인,-,0.0,0.0,0.0,0.0
V0275,여성_미확인,여성 미확인,ch6,2,X,-,여성,미확인,-,0.0,9.4,0.0,0.0
V0276,여성_미확인,여성 미확인,ch6,-,X,-,여성,미확인,-,0.0,0.0,0.0,0.0
V0277,여성_미확인,여성 미확인,ch6,2,X,-,여성,미확인,-,0.0,3.5,0.0,0.0
V0278,여성_미확인,여성 미확인,ch6,-,X,-,여성,미확인,-,0.0,0.0,0.0,0.0
V0279,여성_미확인,여성 미확인,ch6,2,X,-,여성,미확인,-,0.0,3.4,0.0,0.0
V0280,여성_미확인,여성 미확인,ch6,-,X,-,여성,미확인,-,0.0,0.0,0.0,0.0
V0281,여성_미확인,여성 미확인,ch6,2,X,-,여성,미확인,-,0.0,5.7,0.0,0.0
V0282,여성_미확인,여성 미확인,ch6,-,X,-,여성,미확인,-,0.0,0.0,0.0,0.0
V0283,여성_미확인,여성 미확인,ch6,2,X,-,여성,미확인,-,0.0,15.5,0.0,0.0
V0284,미확인_미확인,미확인 미확인,ch6,-,X,-,미확인,미확인,-,0.0,0.0,0.0,0.0
V0285,여성_미확인,여성 미확인,ch6,-,X,-,여성,미확인,-,0.0,0.0,0.0,0.0
V0286,미확인_미확인,미확인 미확인,ch6,-,X,-,미확인,미확인,-,0.0,0.0,0.0,0.0
V0287,여성_미확인,여성 미확인,ch6,-,X,-,여성,미확인,-,0.0,0.0,0.0,0.0
V0288,여성_미확인,여성 미확인,ch6,-,X,-,여성,미확인,-,0.0,0.0,0.0,0.0
V0289,여성_미확인,여성 미확인,ch6,-,X,-,여성,미확인,-,0.0,0.0,0.0,0.0
V0290,여성_미확인,여성 미확인,ch6,2,X,-,여성,미확인,-,0.0,3.1,0.0,0.0
V0291,여성_미확인,여성 미확인,ch6,-,X,-,여성,미확인,-,0.0,0.0,0.0,0.0
V0292,여성_미확인,여성 미확인,ch6,-,X,-,여성,미확인,-,0.0,0.0,0.0,0.0
V0293,여성_미확인,여성 미확인,ch6,-,X,-,여성,미확인,-,0.0,0.0,0.0,0.0
V0294,미확인_미확인,미확인 미확인,ch6,-,X,-,미확인,미확인,-,0.0,0.0,0.0,0.0
V0295,여성_미확인,여성 미확인,ch6,-,X,-,여성,미확인,-,0.0,0.0,0.0,0.0
V0296,미확인_미확인,미확인 미확인,ch6,-,X,-,미확인,미확인,-,0.0,0.0,0.0,0.0
V0297,여성_미확인,여성 미확인,ch6,2,X,-,여성,미확인,-,0.0,4.1,0.0,0.0
V0298,여성_미확인,여성 미확인,ch6,-,X,-,여성,미확인,-,0.0,0.0,0.0,0.0
V0299,미확인_미확인,미확인 미확인,ch6,-,X,-,미확인,미확인,-,0.0,0.0,0.0,0.0
V0300,여성_미확인,여성 미확인,ch6,-,X,-,여성,미확인,-,0.0,0.0,0.0,0.0
V0301,여성_미확인,여성 미확인,ch6,-,X,-,여성,미확인,-,0.0,0.0,0.0,0.0
V0302,미확인_미확인,미확인 미확인,ch6,-,X,-,미확인,미확인,-,0.0,0.0,0.0,0.0
V0303,미확인_미확인,미확인 미확인,ch6,-,X,-,미확인,미확인,-,0.0,0.0,0.0,0.0
V0304,여성_미확인,여성 미확인,ch6,-,X,-,여성,미확인,-,0.0,0.0,0.0,0.0
V0305,여성_미확인,여성 미확인,ch6,-,X,-,여성,미확인,-,0.0,0.0,0.0,0.0
V0306,미확인_미확인,미확인 미확인,ch6,-,X,-,미확인,미확인,-,0.0,0.0,0.0,0.0
V0307,여성_미확인,여성 미확인,ch6,-,X,-,여성,미확인,-,0.0,0.0,0.0,0.0
V0308,여성_미확인,여성 미확인,ch6,-,X,-,여성,미확인,-,0.0,0.0,0.0,0.0
V0309,미확인_미확인,미확인 미확인,ch6,-,X,-,미확인,미확인,-,0.0,0.0,0.0,0.0
V0310,여성_미확인,여성 미확인,ch6,-,X,-,여성,미확인,-,0.0,0.0,0.0,0.0
V0311,여성_미확인,여성 미확인,ch6,-,X,-,여성,미확인,-,0.0,0.0,0.0,0.0
V0312,여성_미확인,여성 미확인,ch6,-,X,-,여성,미확인,-,0.0,0.0,0.0,0.0
V0313,여성_미확인,여성 미확인,ch6,-,X,-,여성,미확인,-,0.0,0.0,0.0,0.0
V0314,여성_미확인,여성 미확인,ch6,-,X,-,여성,미확인,-,0.0,0.0,0.0,0.0
V0315,여성_미확인,여성 미확인,ch6,-,X,-,여성,미확인,-,0.0,0.0,0.0,0.0
V0316,여성_미확인,여성 미확인,ch6,-,X,-,여성,미확인,-,0.0,0.0,0.0,0.0
V0317,여성_미확인,여성 미확인,ch6,-,X,-,여성,미확인,-,0.0,0.0,0.0,0.0
V0318,미확인_미확인,미확인 미확인,ch6,-,X,-,미확인,미확인,-,0.0,0.0,0.0,0.0
V0319,여성_미확인,여성 미확인,ch6,2,X,-,여성,미확인,-,0.0,7.3,0.0,0.0
V0320,여성_미확인,여성 미확인,ch6,-,X,-,여성,미확인,-,0.0,0.0,0.0,0.0
V0321,여성_미확인,여성 미확인,ch6,2,X,-,여성,미확인,-,0.0,20.4,0.0,0.0
V0322,여성_미확인,여성 미확인,ch6,-,X,-,여성,미확인,-,0.0,0.0,0.0,0.0
V0323,여성_미확인,여성 미확인,ch6,2,X,-,여성,미확인,-,0.0,18.5,0.0,0.0
V0324,여성_미확인,여성 미확인,ch6,-,X,-,여성,미확인,-,0.0,0.0,0.0,0.0
V0325,여성_미확인,여성 미확인,ch6,-,X,-,여성,미확인,-,0.0,0.0,0.0,0.0
V0326,여성_미확인,여성 미확인,ch6,-,X,-,여성,미확인,-,0.0,0.0,0.0,0.0
V0327,여성_미확인,여성 미확인,ch1,-,X,-,여성,미확인,-,0.0,0.0,0.0,0.0
V0328,미확인_미확인,미확인 미확인,ch1,-,X,-,미확인,미확인,-,0.0,0.0,0.0,0.0
V0329,미확인_미확인,미확인 미확인,ch1,-,X,-,미확인,미확인,-,0.0,0.0,0.0,0.0
V0330,여성_미확인,여성 미확인,ch1,-,X,-,여성,미확인,-,0.0,0.0,0.0,0.0
V0331,미확인_미확인,미확인 미확인,ch1,-,X,-,미확인,미확인,-,0.0,0.0,0.0,0.0
V0332,미확인_미확인,미확인 미확인,ch1,-,X,-,미확인,미확인,-,0.0,0.0,0.0,0.0
V0333,여성_미확인,여성 미확인,ch1,-,X,-,여성,미확인,-,0.0,0.0,0.0,0.0
V0334,미확인_미확인,미확인 미확인,ch1,-,X,-,미확인,미확인,-,0.0,0.0,0.0,0.0
V0335,미확인_미확인,미확인 미확인,ch1,-,X,-,미확인,미확인,-,0.0,0.0,0.0,0.0
V0336,여성_미확인,여성 미확인,ch1,-,X,-,여성,미확인,-,0.0,0.0,0.0,0.0
V0337,여성_미확인,여성 미확인,ch1,-,X,-,여성,미확인,-,0.0,0.0,0.0,0.0
V0338,여성_미확인,여성 미확인,ch1,4,O,아이스크림,여성,미확인,-,0.0,0.0,0.0,14.3
V0339,미확인_미확인,미확인 미확인,ch1,-,X,-,미확인,미확인,-,0.0,0.0,0.0,0.0
V0340,미확인_미확인,미확인 미확인,ch1,-,X,-,미확인,미확인,-,0.0,0.0,0.0,0.0
V0341,여성_미확인,여성 미확인,ch1,-,X,-,여성,미확인,-,0.0,0.0,0.0,0.0
V0342,여성_미확인,여성 미확인,ch1,-,X,-,여성,미확인,-,0.0,0.0,0.0,0.0
V0343,여성_미확인,여성 미확인,ch1,-,X,-,여성,미확인,-,0.0,0.0,0.0,0.0
V0344,여성_미확인,여성 미확인,ch1,-,X,-,여성,미확인,-,0.0,0.0,0.0,0.0
V0345,여성_미확인,여성 미확인,ch1,-,X,-,여성,미확인,-,0.0,0.0,0.0,0.0
V0346,미확인_미확인,미확인 미확인,ch1,-,X,-,미확인,미확인,-,0.0,0.0,0.0,0.0
V0347,여성_미확인,여성 미확인,ch1,-,X,-,여성,미확인,-,0.0,0.0,0.0,0.0
V0348,여성_미확인,여성 미확인,ch1,-,X,-,여성,미확인,-,0.0,0.0,0.0,0.0
V0349,여성_미확인,여성 미확인,ch1,-,X,-,여성,미확인,-,0.0,0.0,0.0,0.0
V0350,여성_미확인,여성 미확인,ch1,4,O,아이스크림,여성,미확인,-,0.0,0.0,0.0,5.3
V0351,여성_미확인,여성 미확인,ch1,3,X,-,여성,미확인,-,0.0,0.0,3.9,0.0
V0352,여성_미확인,여성 미확인,ch1,-,X,-,여성,미확인,-,0.0,0.0,0.0,0.0
V0353,여성_미확인,여성 미확인,ch1,-,X,-,여성,미확인,-,0.0,0.0,0.0,0.0
V0354,여성_미확인,여성 미확인,ch1,-,O,-,여성,미확인,-,0.0,0.0,0.0,0.0
V0355,여성_미확인,여성 미확인,ch1,-,X,-,여성,미확인,-,0.0,0.0,0.0,0.0
V0356,여성_미확인,여성 미확인,ch1,-,X,-,여성,미확인,-,0.0,0.0,0.0,0.0
V0357,여성_미확인,여성 미확인,ch1,-,X,-,여성,미확인,-,0.0,0.0,0.0,0.0
V0358,미확인_미확인,미확인 미확인,ch1,-,X,-,미확인,미확인,-,0.0,0.0,0.0,0.0
V0359,여성_미확인,여성 미확인,ch1,-,X,-,여성,미확인,-,0.0,0.0,0.0,0.0
V0360,여성_미확인,여성 미확인,ch1,-,X,-,여성,미확인,-,0.0,0.0,0.0,0.0
V0361,미확인_미확인,미확인 미확인,ch1,-,X,-,미확인,미확인,-,0.0,0.0,0.0,0.0
V0362,여성_미확인,여성 미확인,ch1,-,X,-,여성,미확인,-,0.0,0.0,0.0,0.0
V0363,여성_미확인,여성 미확인,ch1,-,X,-,여성,미확인,-,0.0,0.0,0.0,0.0
V0364,여성_미확인,여성 미확인,ch1,-,X,-,여성,미확인,-,0.0,0.0,0.0,0.0
V0365,여성_미확인,여성 미확인,ch1,-,X,-,여성,미확인,-,0.0,0.0,0.0,0.0
V0366,미확인_미확인,미확인 미확인,ch1,-,X,-,미확인,미확인,-,0.0,0.0,0.0,0.0
V0367,미확인_미확인,미확인 미확인,ch1,-,X,-,미확인,미확인,-,0.0,0.0,0.0,0.0
V0368,여성_미확인,여성 미확인,ch1,-,X,-,여성,미확인,-,0.0,0.0,0.0,0.0
V0369,미확인_미확인,미확인 미확인,ch1,-,X,-,미확인,미확인,-,0.0,0.0,0.0,0.0
V0370,여성_미확인,여성 미확인,ch1,-,X,-,여성,미확인,-,0.0,0.0,0.0,0.0
V0371,미확인_미확인,미확인 미확인,ch1,-,X,-,미확인,미확인,-,0.0,0.0,0.0,0.0
V0372,미확인_미확인,미확인 미확인,ch1,-,X,-,미확인,미확인,-,0.0,0.0,0.0,0.0
V0373,여성_미확인,여성 미확인,ch1,-,X,-,여성,미확인,-,0.0,0.0,0.0,0.0
V0374,여성_미확인,여성 미확인,ch1,-,X,-,여성,미확인,-,0.0,0.0,0.0,0.0
V0375,여성_미확인,여성 미확인,ch1,-,X,-,여성,미확인,-,0.0,0.0,0.0,0.0
V0376,여성_미확인,여성 미확인,ch1,-,X,-,여성,미확인,-,0.0,0.0,0.0,0.0
V0377,미확인_미확인,미확인 미확인,ch1,-,X,-,미확인,미확인,-,0.0,0.0,0.0,0.0
V0378,미확인_미확인,미확인 미확인,ch1,-,X,-,미확인,미확인,-,0.0,0.0,0.0,0.0
V0379,여성_미확인,여성 미확인,ch1,-,X,-,여성,미확인,-,0.0,0.0,0.0,0.0
V0380,여성_미확인,여성 미확인,ch1,-,X,-,여성,미확인,-,0.0,0.0,0.0,0.0
V0381,미확인_미확인,미확인 미확인,ch1,-,X,-,미확인,미확인,-,0.0,0.0,0.0,0.0
V0382,여성_미확인,여성 미확인,ch1,-,X,-,여성,미확인,-,0.0,0.0,0.0,0.0
V0383,미확인_미확인,미확인 미확인,ch1,-,X,-,미확인,미확인,-,0.0,0.0,0.0,0.0
V0384,여성_미확인,여성 미확인,ch1,-,X,-,여성,미확인,-,0.0,0.0,0.0,0.0
V0385,여성_미확인,여성 미확인,ch1,-,X,-,여성,미확인,-,0.0,0.0,0.0,0.0
V0386,여성_미확인,여성 미확인,ch1,-,X,-,여성,미확인,-,0.0,0.0,0.0,0.0
V0387,여성_미확인,여성 미확인,ch1,4,O,아이스크림,여성,미확인,-,0.0,0.0,0.0,5.1
V0388,여성_미확인,여성 미확인,ch1,-,O,-,여성,미확인,-,0.0,0.0,0.0,0.0
V0389,미확인_미확인,미확인 미확인,ch1,-,X,-,미확인,미확인,-,0.0,0.0,0.0,0.0
V0390,여성_미확인,여성 미확인,ch1,-,X,-,여성,미확인,-,0.0,0.0,0.0,0.0
V0391,미확인_미확인,미확인 미확인,ch1,-,X,-,미확인,미확인,-,0.0,0.0,0.0,0.0
V0392,여성_미확인,여성 미확인,ch1,-,X,-,여성,미확인,-,0.0,0.0,0.0,0.0
V0393,미확인_미확인,미확인 미확인,ch1,-,X,-,미확인,미확인,-,0.0,0.0,0.0,0.0
V0394,여성_미확인,여성 미확인,ch1,-,X,-,여성,미확인,-,0.0,0.0,0.0,0.0
V0395,여성_미확인,여성 미확인,ch1,-,X,-,여성,미확인,-,0.0,0.0,0.0,0.0
V0396,미확인_미확인,미확인 미확인,ch1,-,X,-,미확인,미확인,-,0.0,0.0,0.0,0.0
V0397,여성_미확인,여성 미확인,ch1,-,X,-,여성,미확인,-,0.0,0.0,0.0,0.0
V0398,미확인_미확인,미확인 미확인,ch1,-,X,-,미확인,미확인,-,0.0,0.0,0.0,0.0
V0399,여성_미확인,여성 미확인,ch1,-,X,-,여성,미확인,-,0.0,0.0,0.0,0.0
V0400,미확인_미확인,미확인 미확인,ch1,-,X,-,미확인,미확인,-,0.0,0.0,0.0,0.0
V0401,미확인_미확인,미확인 미확인,ch1,-,X,-,미확인,미확인,-,0.0,0.0,0.0,0.0
V0402,여성_미확인,여성 미확인,ch1,-,X,-,여성,미확인,-,0.0,0.0,0.0,0.0
V0403,여성_미확인,여성 미확인,ch1,-,X,-,여성,미확인,-,0.0,0.0,0.0,0.0
V0404,여성_미확인,여성 미확인,ch1,-,X,-,여성,미확인,-,0.0,0.0,0.0,0.0
V0405,여성_미확인,여성 미확인,ch1,-,X,-,여성,미확인,-,0.0,0.0,0.0,0.0
V0406,미확인_미확인,미확인 미확인,ch1,-,X,-,미확인,미확인,-,0.0,0.0,0.0,0.0
V0407,여성_미확인,여성 미확인,ch1,-,X,-,여성,미확인,-,0.0,0.0,0.0,0.0
V0408,미확인_미확인,미확인 미확인,ch1,-,X,-,미확인,미확인,-,0.0,0.0,0.0,0.0
V0409,미확인_미확인,미확인 미확인,ch1,-,X,-,미확인,미확인,-,0.0,0.0,0.0,0.0
V0410,여성_미확인,여성 미확인,ch1,-,X,-,여성,미확인,-,0.0,0.0,0.0,0.0
V0411,여성_미확인,여성 미확인,ch1,-,X,-,여성,미확인,-,0.0,0.0,0.0,0.0
V0412,미확인_미확인,미확인 미확인,ch1,-,X,-,미확인,미확인,-,0.0,0.0,0.0,0.0
V0413,여성_미확인,여성 미확인,ch1,-,X,-,여성,미확인,-,0.0,0.0,0.0,0.0
V0414,여성_미확인,여성 미확인,ch1,-,X,-,여성,미확인,-,0.0,0.0,0.0,0.0
V0415,여성_미확인,여성 미확인,ch1,-,X,-,여성,미확인,-,0.0,0.0,0.0,0.0
V0416,미확인_미확인,미확인 미확인,ch1,-,X,-,미확인,미확인,-,0.0,0.0,0.0,0.0
V0417,미확인_미확인,미확인 미확인,ch1,-,X,-,미확인,미확인,-,0.0,0.0,0.0,0.0
V0418,여성_미확인,여성 미확인,ch1,-,X,-,여성,미확인,-,0.0,0.0,0.0,0.0
V0419,미확인_미확인,미확인 미확인,ch1,-,X,-,미확인,미확인,-,0.0,0.0,0.0,0.0
V0420,미확인_미확인,미확인 미확인,ch1,-,X,-,미확인,미확인,-,0.0,0.0,0.0,0.0
V0421,여성_미확인,여성 미확인,ch1,-,X,-,여성,미확인,-,0.0,0.0,0.0,0.0
V0422,미확인_미확인,미확인 미확인,ch1,-,X,-,미확인,미확인,-,0.0,0.0,0.0,0.0
V0423,미확인_미확인,미확인 미확인,ch1,-,X,-,미확인,미확인,-,0.0,0.0,0.0,0.0
V0424,여성_미확인,여성 미확인,ch1,-,X,-,여성,미확인,-,0.0,0.0,0.0,0.0
V0425,여성_미확인,여성 미확인,ch1,-,X,-,여성,미확인,-,0.0,0.0,0.0,0.0
V0426,미확인_미확인,미확인 미확인,ch1,-,X,-,미확인,미확인,-,0.0,0.0,0.0,0.0
V0427,여성_미확인,여성 미확인,ch1,-,X,-,여성,미확인,-,0.0,0.0,0.0,0.0
V0428,여성_미확인,여성 미확인,ch1,-,X,-,여성,미확인,-,0.0,0.0,0.0,0.0
V0429,남성_미확인,남성 미확인,ch1,-,X,-,남성,미확인,-,0.0,0.0,0.0,0.0
V0430,여성_미확인,여성 미확인,ch1,-,X,-,여성,미확인,-,0.0,0.0,0.0,0.0
V0431,여성_미확인,여성 미확인,ch1,-,X,-,여성,미확인,-,0.0,0.0,0.0,0.0
V0432,여성_미확인,여성 미확인,ch1,-,X,-,여성,미확인,-,0.0,0.0,0.0,0.0
V0433,여성_미확인,여성 미확인,ch1,-,X,-,여성,미확인,-,0.0,0.0,0.0,0.0
V0434,여성_미확인,여성 미확인,ch1,-,X,-,여성,미확인,-,0.0,0.0,0.0,0.0
V0435,여성_미확인,여성 미확인,ch1,-,X,-,여성,미확인,-,0.0,0.0,0.0,0.0
V0436,미확인_미확인,미확인 미확인,ch1,-,X,-,미확인,미확인,-,0.0,0.0,0.0,0.0
V0437,미확인_미확인,미확인 미확인,ch1,-,X,-,미확인,미확인,-,0.0,0.0,0.0,0.0
V0438,여성_미확인,여성 미확인,ch1,2,O,아이스크림2,여성,미확인,-,0.0,14.3,0.0,0.0
V0439,미확인_미확인,미확인 미확인,ch1,-,X,-,미확인,미확인,-,0.0,0.0,0.0,0.0
V0440,남성_미확인,남성 미확인,ch1,-,X,-,남성,미확인,-,0.0,0.0,0.0,0.0
V0441,미확인_미확인,미확인 미확인,ch1,-,X,-,미확인,미확인,-,0.0,0.0,0.0,0.0
V0442,여성_미확인,여성 미확인,ch1,-,X,-,여성,미확인,-,0.0,0.0,0.0,0.0
V0443,여성_미확인,여성 미확인,ch1,-,X,-,여성,미확인,-,0.0,0.0,0.0,0.0
V0444,여성_미확인,여성 미확인,ch1,-,X,-,여성,미확인,-,0.0,0.0,0.0,0.0
V0445,남성_미확인,남성 미확인,ch1,-,X,-,남성,미확인,-,0.0,0.0,0.0,0.0
V0446,미확인_미확인,미확인 미확인,ch1,-,X,-,미확인,미확인,-,0.0,0.0,0.0,0.0
V0447,여성_미확인,여성 미확인,ch1,-,X,-,여성,미확인,-,0.0,0.0,0.0,0.0
V0448,여성_미확인,여성 미확인,ch1,-,X,-,여성,미확인,-,0.0,0.0,0.0,0.0
V0449,여성_미확인,여성 미확인,ch1,-,X,-,여성,미확인,-,0.0,0.0,0.0,0.0
V0450,여성_미확인,여성 미확인,ch1,-,X,-,여성,미확인,-,0.0,0.0,0.0,0.0
V0451,여성_미확인,여성 미확인,ch1,-,X,-,여성,미확인,-,0.0,0.0,0.0,0.0
V0452,미확인_미확인,미확인 미확인,ch1,-,X,-,미확인,미확인,-,0.0,0.0,0.0,0.0
V0453,미확인_미확인,미확인 미확인,ch1,-,X,-,미확인,미확인,-,0.0,0.0,0.0,0.0
V0454,여성_미확인,여성 미확인,ch1,-,O,-,여성,미확인,-,0.0,0.0,0.0,0.0
V0455,여성_미확인,여성 미확인,ch1,-,X,-,여성,미확인,-,0.0,0.0,0.0,0.0
V0456,여성_미확인,여성 미확인,ch1,-,X,-,여성,미확인,-,0.0,0.0,0.0,0.0
V0457,미확인_미확인,미확인 미확인,ch1,-,X,-,미확인,미확인,-,0.0,0.0,0.0,0.0
V0458,여성_미확인,여성 미확인,ch1,-,X,-,여성,미확인,-,0.0,0.0,0.0,0.0
V0459,여성_미확인,여성 미확인,ch1,-,X,-,여성,미확인,-,0.0,0.0,0.0,0.0
V0460,여성_미확인,여성 미확인,ch1,-,X,-,여성,미확인,-,0.0,0.0,0.0,0.0
V0461,여성_미확인,여성 미확인,ch1,-,X,-,여성,미확인,-,0.0,0.0,0.0,0.0
V0462,여성_미확인,여성 미확인,ch1,3,O,아이스크림,여성,미확인,-,0.0,0.0,3.7,0.0
V0463,여성_미확인,여성 미확인,ch1,3,O,아이스크림,여성,미확인,-,0.0,0.0,3.3,0.0
V0464,여성_미확인,여성 미확인,ch1,-,X,-,여성,미확인,-,0.0,0.0,0.0,0.0
V0465,여성_미확인,여성 미확인,ch1,4,X,-,여성,미확인,-,0.0,0.0,0.0,5.5
V0466,여성_미확인,여성 미확인,ch1,-,X,-,여성,미확인,-,0.0,0.0,0.0,0.0
V0467,여성_미확인,여성 미확인,ch1,-,X,-,여성,미확인,-,0.0,0.0,0.0,0.0
V0468,여성_미확인,여성 미확인,ch1,-,X,-,여성,미확인,-,0.0,0.0,0.0,0.0
V0469,여성_미확인,여성 미확인,ch1,-,X,-,여성,미확인,-,0.0,0.0,0.0,0.0
V0470,여성_미확인,여성 미확인,ch1,-,X,-,여성,미확인,-,0.0,0.0,0.0,0.0
V0471,여성_미확인,여성 미확인,ch1,4,O,아이스크림,여성,미확인,-,0.0,0.0,0.0,11.6
V0472,여성_미확인,여성 미확인,ch1,-,X,-,여성,미확인,-,0.0,0.0,0.0,0.0
V0473,여성_미확인,여성 미확인,ch1,3,O,아이스크림,여성,미확인,-,0.0,0.0,6.3,0.0
V0474,여성_미확인,여성 미확인,ch1,-,X,-,여성,미확인,-,0.0,0.0,0.0,0.0
V0475,여성_미확인,여성 미확인,ch1,-,X,-,여성,미확인,-,0.0,0.0,0.0,0.0
V0476,미확인_미확인,미확인 미확인,ch1,-,X,-,미확인,미확인,-,0.0,0.0,0.0,0.0
V0477,미확인_미확인,미확인 미확인,ch1,-,X,-,미확인,미확인,-,0.0,0.0,0.0,0.0
V0478,미확인_미확인,미확인 미확인,ch1,-,X,-,미확인,미확인,-,0.0,0.0,0.0,0.0
V0479,여성_미확인,여성 미확인,ch1,-,X,-,여성,미확인,-,0.0,0.0,0.0,0.0
V0480,여성_미확인,여성 미확인,ch1,-,X,-,여성,미확인,-,0.0,0.0,0.0,0.0
V0481,여성_미확인,여성 미확인,ch1,-,X,-,여성,미확인,-,0.0,0.0,0.0,0.0
V0482,여성_미확인,여성 미확인,ch1,-,X,-,여성,미확인,-,0.0,0.0,0.0,0.0
V0483,여성_미확인,여성 미확인,ch1,-,X,-,여성,미확인,-,0.0,0.0,0.0,0.0
V0484,미확인_미확인,미확인 미확인,ch1,-,X,-,미확인,미확인,-,0.0,0.0,0.0,0.0
V0485,미확인_미확인,미확인 미확인,ch1,-,X,-,미확인,미확인,-,0.0,0.0,0.0,0.0
V0486,여성_미확인,여성 미확인,ch1,-,X,-,여성,미확인,-,0.0,0.0,0.0,0.0
V0487,미확인_미확인,미확인 미확인,ch1,-,X,-,미확인,미확인,-,0.0,0.0,0.0,0.0
V0488,미확인_미확인,미확인 미확인,ch1,-,X,-,미확인,미확인,-,0.0,0.0,0.0,0.0
V0489,여성_미확인,여성 미확인,ch1,-,X,-,여성,미확인,-,0.0,0.0,0.0,0.0
V0490,미확인_미확인,미확인 미확인,ch1,-,X,-,미확인,미확인,-,0.0,0.0,0.0,0.0
V0491,여성_미확인,여성 미확인,ch1,-,X,-,여성,미확인,-,0.0,0.0,0.0,0.0
V0492,미확인_미확인,미확인 미확인,ch1,-,X,-,미확인,미확인,-,0.0,0.0,0.0,0.0
V0493,여성_미확인,여성 미확인,ch1,-,X,-,여성,미확인,-,0.0,0.0,0.0,0.0
V0494,여성_미확인,여성 미확인,ch1,-,X,-,여성,미확인,-,0.0,0.0,0.0,0.0
V0495,미확인_미확인,미확인 미확인,ch1,-,X,-,미확인,미확인,-,0.0,0.0,0.0,0.0
V0496,여성_미확인,여성 미확인,ch1,-,X,-,여성,미확인,-,0.0,0.0,0.0,0.0
V0497,여성_미확인,여성 미확인,ch1,-,X,-,여성,미확인,-,0.0,0.0,0.0,0.0
V0498,여성_미확인,여성 미확인,ch1,-,X,-,여성,미확인,-,0.0,0.0,0.0,0.0
V0499,여성_미확인,여성 미확인,ch1,-,X,-,여성,미확인,-,0.0,0.0,0.0,0.0
V0500,미확인_미확인,미확인 미확인,ch1,-,X,-,미확인,미확인,-,0.0,0.0,0.0,0.0
V0501,여성_미확인,여성 미확인,ch1,-,X,-,여성,미확인,-,0.0,0.0,0.0,0.0
V0502,여성_미확인,여성 미확인,ch1,-,X,-,여성,미확인,-,0.0,0.0,0.0,0.0
V0503,여성_미확인,여성 미확인,ch1,-,X,-,여성,미확인,-,0.0,0.0,0.0,0.0
V0504,미확인_미확인,미확인 미확인,ch1,-,X,-,미확인,미확인,-,0.0,0.0,0.0,0.0
V0505,미확인_미확인,미확인 미확인,ch1,-,X,-,미확인,미확인,-,0.0,0.0,0.0,0.0
V0506,미확인_미확인,미확인 미확인,ch1,-,X,-,미확인,미확인,-,0.0,0.0,0.0,0.0
V0507,여성_미확인,여성 미확인,ch1,-,X,-,여성,미확인,-,0.0,0.0,0.0,0.0
V0508,여성_미확인,여성 미확인,ch1,-,X,-,여성,미확인,-,0.0,0.0,0.0,0.0
V0509,여성_미확인,여성 미확인,ch1,-,X,-,여성,미확인,-,0.0,0.0,0.0,0.0
V0510,여성_미확인,여성 미확인,ch1,-,X,-,여성,미확인,-,0.0,0.0,0.0,0.0
V0511,여성_미확인,여성 미확인,ch1,-,X,-,여성,미확인,-,0.0,0.0,0.0,0.0
V0512,여성_미확인,여성 미확인,ch1,3,O,아이스크림,여성,미확인,-,0.0,0.0,6.1,0.0
V0513,여성_미확인,여성 미확인,ch1,-,X,-,여성,미확인,-,0.0,0.0,0.0,0.0
V0514,여성_미확인,여성 미확인,ch1,-,X,-,여성,미확인,-,0.0,0.0,0.0,0.0
V0515,미확인_미확인,미확인 미확인,ch1,-,X,-,미확인,미확인,-,0.0,0.0,0.0,0.0
V0516,여성_미확인,여성 미확인,ch1,-,X,-,여성,미확인,-,0.0,0.0,0.0,0.0
V0517,여성_미확인,여성 미확인,ch1,-,X,-,여성,미확인,-,0.0,0.0,0.0,0.0
V0518,미확인_미확인,미확인 미확인,ch1,-,X,-,미확인,미확인,-,0.0,0.0,0.0,0.0
V0519,여성_미확인,여성 미확인,ch1,-,X,-,여성,미확인,-,0.0,0.0,0.0,0.0
V0520,여성_미확인,여성 미확인,ch1,4,O,아이스크림,여성,미확인,-,0.0,0.0,0.0,14.4
V0521,여성_미확인,여성 미확인,ch1,3,X,-,여성,미확인,-,0.0,0.0,3.5,0.0
V0522,미확인_미확인,미확인 미확인,ch1,-,X,-,미확인,미확인,-,0.0,0.0,0.0,0.0
V0523,미확인_미확인,미확인 미확인,ch1,-,X,-,미확인,미확인,-,0.0,0.0,0.0,0.0
V0524,미확인_미확인,미확인 미확인,ch1,-,X,-,미확인,미확인,-,0.0,0.0,0.0,0.0
V0525,미확인_미확인,미확인 미확인,ch1,-,X,-,미확인,미확인,-,0.0,0.0,0.0,0.0
V0526,미확인_미확인,미확인 미확인,ch1,-,X,-,미확인,미확인,-,0.0,0.0,0.0,0.0
V0527,여성_미확인,여성 미확인,ch1,-,X,-,여성,미확인,-,0.0,0.0,0.0,0.0
V0528,미확인_미확인,미확인 미확인,ch1,-,X,-,미확인,미확인,-,0.0,0.0,0.0,0.0
V0529,미확인_미확인,미확인 미확인,ch1,-,X,-,미확인,미확인,-,0.0,0.0,0.0,0.0
V0530,여성_미확인,여성 미확인,ch1,-,X,-,여성,미확인,-,0.0,0.0,0.0,0.0
V0531,여성_미확인,여성 미확인,ch1,-,X,-,여성,미확인,-,0.0,0.0,0.0,0.0
V0532,여성_미확인,여성 미확인,ch1,-,X,-,여성,미확인,-,0.0,0.0,0.0,0.0
V0533,미확인_미확인,미확인 미확인,ch1,-,X,-,미확인,미확인,-,0.0,0.0,0.0,0.0
V0534,미확인_미확인,미확인 미확인,ch1,-,X,-,미확인,미확인,-,0.0,0.0,0.0,0.0
V0535,미확인_미확인,미확인 미확인,ch1,-,X,-,미확인,미확인,-,0.0,0.0,0.0,0.0
V0536,미확인_미확인,미확인 미확인,ch1,-,X,-,미확인,미확인,-,0.0,0.0,0.0,0.0
V0537,여성_미확인,여성 미확인,ch1,-,X,-,여성,미확인,-,0.0,0.0,0.0,0.0
V0538,미확인_미확인,미확인 미확인,ch1,-,X,-,미확인,미확인,-,0.0,0.0,0.0,0.0
V0539,여성_미확인,여성 미확인,ch1,-,O,-,여성,미확인,-,0.0,0.0,0.0,0.0
V0540,여성_미확인,여성 미확인,ch1,-,X,-,여성,미확인,-,0.0,0.0,0.0,0.0
V0541,여성_미확인,여성 미확인,ch1,-,X,-,여성,미확인,-,0.0,0.0,0.0,0.0
V0542,미확인_미확인,미확인 미확인,ch1,-,X,-,미확인,미확인,-,0.0,0.0,0.0,0.0
V0543,여성_미확인,여성 미확인,ch1,-,X,-,여성,미확인,-,0.0,0.0,0.0,0.0
V0544,미확인_미확인,미확인 미확인,ch1,-,X,-,미확인,미확인,-,0.0,0.0,0.0,0.0
V0545,여성_미확인,여성 미확인,ch1,-,X,-,여성,미확인,-,0.0,0.0,0.0,0.0
V0546,여성_미확인,여성 미확인,ch1,-,X,-,여성,미확인,-,0.0,0.0,0.0,0.0
V0547,여성_미확인,여성 미확인,ch1,-,X,-,여성,미확인,-,0.0,0.0,0.0,0.0
V0548,여성_미확인,여성 미확인,ch1,-,O,-,여성,미확인,-,0.0,0.0,0.0,0.0
V0549,미확인_미확인,미확인 미확인,ch1,-,X,-,미확인,미확인,-,0.0,0.0,0.0,0.0
V0550,여성_미확인,여성 미확인,ch1,-,O,-,여성,미확인,-,0.0,0.0,0.0,0.0
V0551,미확인_미확인,미확인 미확인,ch1,-,X,-,미확인,미확인,-,0.0,0.0,0.0,0.0
V0552,여성_미확인,여성 미확인,ch1,-,X,-,여성,미확인,-,0.0,0.0,0.0,0.0
V0553,미확인_미확인,미확인 미확인,ch1,-,X,-,미확인,미확인,-,0.0,0.0,0.0,0.0
V0554,여성_미확인,여성 미확인,ch1,-,X,-,여성,미확인,-,0.0,0.0,0.0,0.0
V0555,여성_미확인,여성 미확인,ch1,-,X,-,여성,미확인,-,0.0,0.0,0.0,0.0
V0556,미확인_미확인,미확인 미확인,ch1,-,X,-,미확인,미확인,-,0.0,0.0,0.0,0.0
V0557,미확인_미확인,미확인 미확인,ch1,-,X,-,미확인,미확인,-,0.0,0.0,0.0,0.0
V0558,여성_미확인,여성 미확인,ch1,-,X,-,여성,미확인,-,0.0,0.0,0.0,0.0
V0559,미확인_미확인,미확인 미확인,ch1,-,X,-,미확인,미확인,-,0.0,0.0,0.0,0.0
V0560,여성_미확인,여성 미확인,ch1,-,O,-,여성,미확인,-,0.0,0.0,0.0,0.0
V0561,여성_미확인,여성 미확인,ch1,-,X,-,여성,미확인,-,0.0,0.0,0.0,0.0
V0562,여성_미확인,여성 미확인,ch1,-,X,-,여성,미확인,-,0.0,0.0,0.0,0.0
V0563,여성_미확인,여성 미확인,ch1,-,X,-,여성,미확인,-,0.0,0.0,0.0,0.0
V0564,미확인_미확인,미확인 미확인,ch1,-,X,-,미확인,미확인,-,0.0,0.0,0.0,0.0
V0565,미확인_미확인,미확인 미확인,ch1,-,X,-,미확인,미확인,-,0.0,0.0,0.0,0.0
V0566,여성_미확인,여성 미확인,ch1,-,X,-,여성,미확인,-,0.0,0.0,0.0,0.0
V0567,미확인_미확인,미확인 미확인,ch1,-,X,-,미확인,미확인,-,0.0,0.0,0.0,0.0
V0568,여성_미확인,여성 미확인,ch1,-,X,-,여성,미확인,-,0.0,0.0,0.0,0.0
V0569,미확인_미확인,미확인 미확인,ch1,-,X,-,미확인,미확인,-,0.0,0.0,0.0,0.0
V0570,미확인_미확인,미확인 미확인,ch1,-,X,-,미확인,미확인,-,0.0,0.0,0.0,0.0
V0571,미확인_미확인,미확인 미확인,ch1,-,X,-,미확인,미확인,-,0.0,0.0,0.0,0.0
V0572,여성_미확인,여성 미확인,ch1,-,X,-,여성,미확인,-,0.0,0.0,0.0,0.0
V0573,여성_미확인,여성 미확인,ch1,-,X,-,여성,미확인,-,0.0,0.0,0.0,0.0
V0574,미확인_미확인,미확인 미확인,ch1,-,X,-,미확인,미확인,-,0.0,0.0,0.0,0.0
