customer_id,gender,age_group,visit_date,entry_time,exit_time,stay_seconds,purchase_yn
C0001,unknown,young,2026-03-16,15:26:28,15:28:55,147,N
C0002,man,young,2026-03-01,13:53:33,14:17:28,1435,N
C0003,unknown,old,2026-03-21,20:50:20,21:24:31,2051,N
C0004,woman,old,2026-03-19,12:57:50,13:19:45,1315,Y
C0005,woman,young,2026-03-16,15:18:49,15:23:02,253,Y
C0006,woman,old,2026-03-15,12:39:59,12:51:57,718,N
C0007,man,young,2026-03-27,21:44:57,21:56:25,688,Y
C0008,man,young,2026-03-02,15:36:08,16:07:13,1865,N
C0009,woman,young,2026-03-07,18:45:02,19:07:40,1358,N
C0010,man,old,2026-03-15,18:10:34,18:32:09,1295,Y
C0011,man,old,2026-03-30,17:49:09,18:21:25,1936,N
C0012,man,young,2026-03-24,18:32:21,18:53:31,1270,N
C0013,woman,young,2026-03-26,19:46:58,20:18:08,1870,N
C0014,unknown,young,2026-03-24,17:57:02,18:07:33,631,Y
C0015,woman,young,2026-03-13,19:53:14,20:24:40,1886,N
C0016,man,old,2026-03-02,19:41:12,20:18:08,2216,Y
C0017,woman,young,2026-03-01,11:34:54,12:06:18,1884,Y
C0018,unknown,old,2026-03-07,17:20:38,17:56:33,2155,Y
C0019,unknown,old,2026-03-13,12:45:54,13:16:05,1811,N
C0020,woman,old,2026-03-01,14:22:22,14:44:23,1321,N
C0021,unknown,young,2026-03-07,21:56:28,22:25:50,1762,N
C0022,woman,young,2026-03-26,21:57:27,22:26:43,1756,Y
C0023,unknown,young,2026-03-05,13:19:30,13:56:21,2211,N
C0024,man,old,2026-03-03,10:26:40,10:46:19,1179,N
C0025,man,old,2026-03-23,19:48:58,19:59:18,620,Y
C0026,man,old,2026-03-10,18:31:02,18:52:38,1296,N
C0027,woman,old,2026-03-08,10:50:00,11:01:30,690,N
C0028,woman,old,2026-03-04,20:42:57,21:03:35,1238,N
C0029,man,old,2026-03-30,21:41:15,21:44:11,176,Y
C0030,woman,old,2026-03-03,19:47:23,20:21:11,2028,N
C0031,woman,old,2026-03-23,11:23:32,11:25:43,131,N
C0032,man,young,2026-03-05,15:29:56,15:40:10,614,N
C0033,man,young,2026-03-09,15:26:40,15:51:58,1518,Y
C0034,woman,old,2026-03-17,20:59:04,21:35:08,2164,Y
C0035,unknown,young,2026-03-25,11:38:48,11:51:12,744,N
C0036,woman,old,2026-03-09,20:44:44,21:10:28,1544,Y
C0037,unknown,old,2026-03-27,12:00:08,12:36:30,2182,N
C0038,woman,old,2026-03-14,15:58:58,16:11:05,727,Y
C0039,man,young,2026-03-17,13:53:12,14:32:20,2348,Y
C0040,woman,old,2026-03-30,11:07:52,11:17:49,597,Y
C0041,woman,old,2026-03-10,21:23:08,21:54:18,1870,N
C0042,man,old,2026-03-01,21:52:07,22:08:17,970,Y
C0043,unknown,young,2026-03-23,13:19:08,13:34:27,919,Y
C0044,man,old,2026-03-23,11:04:01,11:38:04,2043,N
C0045,man,young,2026-03-04,10:50:42,11:26:45,2163,Y
C0046,woman,young,2026-03-30,14:02:04,14:23:39,1295,Y
C0047,man,young,2026-03-30,19:13:37,19:28:16,879,Y
C0048,unknown,old,2026-03-01,11:09:54,11:29:50,1196,N
C0049,woman,young,2026-03-28,18:49:46,19:07:16,1050,Y
C0050,man,young,2026-03-17,13:45:12,14:05:26,1214,Y
C0051,unknown,young,2026-03-24,11:59:13,12:34:38,2125,N
C0052,woman,young,2026-03-15,20:06:11,20:31:24,1513,N
C0053,woman,young,2026-03-17,13:26:07,13:48:34,1347,Y
C0054,woman,young,2026-03-17,12:31:48,12:57:27,1539,N
C0055,unknown,young,2026-03-03,15:31:07,15:58:23,1636,N
C0056,woman,old,2026-03-22,17:14:35,17:43:23,1728,N
C0057,woman,young,2026-03-28,11:57:53,12:31:21,2008,N
C0058,man,young,2026-03-22,17:43:06,18:11:09,1683,N
C0059,unknown,young,2026-03-04,12:25:25,12:33:21,476,Y
C0060,man,old,2026-03-07,15:12:38,15:41:13,1715,Y
C0061,man,old,2026-03-24,17:17:48,17:37:26,1178,N
C0062,woman,old,2026-03-22,19:25:31,20:01:25,2154,N
C0063,man,old,2026-03-04,11:16:31,11:51:27,2096,Y
C0064,unknown,young,2026-03-01,11:47:03,11:52:42,339,N
C0065,unknown,young,2026-03-06,16:38:43,17:02:02,1399,Y
C0066,woman,young,2026-03-25,11:42:48,12:19:17,2189,N
C0067,woman,young,2026-03-10,20:31:31,21:06:58,2127,N
C0068,unknown,old,2026-03-26,18:34:01,18:37:10,189,N
C0069,man,old,2026-03-15,15:54:24,16:25:36,1872,N
C0070,man,young,2026-03-06,18:42:55,19:04:36,1301,Y
C0071,woman,old,2026-03-05,14:45:24,15:19:40,2056,Y
C0072,unknown,old,2026-03-22,18:43:34,19:16:38,1984,N
C0073,unknown,young,2026-03-17,10:25:16,11:00:02,2086,N
C0074,unknown,old,2026-03-25,14:20:03,14:22:58,175,Y
C0075,man,old,2026-03-12,21:37:01,22:01:18,1457,N
C0076,man,old,2026-03-12,15:26:22,15:31:13,291,Y
C0077,man,young,2026-03-21,14:37:05,14:42:33,328,N
C0078,man,old,2026-03-06,10:34:20,10:37:53,213,N
C0079,unknown,old,2026-03-19,18:57:26,19:16:38,1152,Y
C0080,unknown,old,2026-03-19,10:20:24,11:00:20,2396,N
C0081,woman,young,2026-03-26,17:06:44,17:21:47,903,N
C0082,woman,old,2026-03-06,19:19:23,19:50:08,1845,Y
C0083,woman,young,2026-03-27,18:13:18,18:32:24,1146,Y
C0084,woman,old,2026-03-26,13:39:47,13:47:03,436,Y
C0085,unknown,old,2026-03-09,11:36:51,12:14:06,2235,N
C0086,woman,young,2026-03-12,11:41:52,12:03:28,1296,N
C0087,woman,old,2026-03-07,16:25:16,17:01:26,2170,N
C0088,unknown,young,2026-03-29,10:40:45,11:16:59,2174,Y
C0089,unknown,old,2026-03-07,20:52:47,21:25:41,1974,N
C0090,unknown,old,2026-03-30,19:46:40,19:51:45,305,Y
C0091,woman,old,2026-03-05,13:09:47,13:31:16,1289,N
C0092,woman,old,2026-03-28,11:40:13,12:09:22,1749,N
C0093,woman,young,2026-03-09,20:38:15,21:06:57,1722,Y
C0094,man,young,2026-03-07,10:15:51,10:38:02,1331,N
C0095,woman,old,2026-03-14,20:57:02,21:11:49,887,Y
C0096,woman,young,2026-03-01,14:50:51,15:10:48,1197,Y
C0097,unknown,young,2026-03-31,21:31:50,21:34:11,141,Y
C0098,man,old,2026-03-20,14:55:04,15:23:51,1727,N
C0099,unknown,young,2026-03-13,21:53:08,22:10:14,1026,Y
C0100,unknown,young,2026-03-17,20:53:37,21:30:28,2211,N
C0101,woman,young,2026-03-08,19:07:49,19:30:12,1343,N
C0102,unknown,old,2026-03-26,21:47:15,22:17:07,1792,Y
C0103,man,young,2026-03-06,13:17:28,13:46:20,1732,N
C0104,unknown,young,2026-03-16,18:23:44,18:32:26,522,N
C0105,unknown,old,2026-03-16,20:15:17,20:26:10,653,N
C0106,woman,old,2026-03-27,14:01:41,14:05:03,202,Y
C0107,unknown,young,2026-03-09,18:24:19,18:50:05,1546,Y
C0108,unknown,young,2026-03-28,17:24:00,17:51:49,1669,N
C0109,woman,young,2026-03-30,13:19:13,13:31:09,716,N
C0110,unknown,old,2026-03-29,20:26:50,20:30:08,198,N
C0111,man,old,2026-03-16,21:26:59,21:50:41,1422,N
C0112,man,young,2026-03-23,14:32:04,14:57:05,1501,N
C0113,unknown,old,2026-03-15,21:01:48,21:06:21,273,Y
C0114,unknown,old,2026-03-26,20:08:00,20:36:21,1701,Y
C0115,unknown,old,2026-03-11,19:05:07,19:16:53,706,Y
C0116,unknown,young,2026-03-28,19:43:26,20:06:14,1368,N
C0117,woman,young,2026-03-09,12:43:37,13:06:58,1401,N
C0118,man,young,2026-03-14,15:11:25,15:38:10,1605,Y
C0119,man,young,2026-03-30,18:41:39,18:58:15,996,Y
C0120,woman,young,2026-03-09,21:54:10,21:58:33,263,N
C0121,unknown,old,2026-03-20,14:09:05,14:35:12,1567,Y
C0122,unknown,young,2026-03-01,21:33:27,22:05:25,1918,N
C0123,man,young,2026-03-23,13:12:55,13:32:05,1150,N
C0124,unknown,old,2026-03-13,12:27:54,12:43:00,906,Y
C0125,woman,young,2026-03-14,12:26:50,12:37:47,657,Y
C0126,woman,old,2026-03-08,19:28:58,19:46:55,1077,N
C0127,unknown,old,2026-03-03,10:30:08,10:53:12,1384,N
C0128,unknown,young,2026-03-23,16:45:27,17:03:56,1109,Y
C0129,man,young,2026-03-02,15:59:15,16:32:23,1988,N
C0130,unknown,young,2026-03-01,14:32:39,14:59:39,1620,N
C0131,woman,old,2026-03-05,18:02:37,18:15:51,794,N
C0132,man,old,2026-03-30,15:56:29,16:06:29,600,Y
C0133,woman,old,2026-03-05,14:07:20,14:11:20,240,Y
C0134,woman,old,2026-03-24,15:59:27,16:19:45,1218,N
C0135,unknown,old,2026-03-17,15:27:57,15:40:12,735,N
C0136,unknown,old,2026-03-25,12:35:54,13:06:56,1862,Y
C0137,man,young,2026-03-02,13:11:02,13:44:08,1986,N
C0138,man,old,2026-03-14,11:57:59,12:32:46,2087,Y
C0139,woman,old,2026-03-23,18:31:29,19:06:08,2079,Y
C0140,unknown,young,2026-03-04,15:05:13,15:25:36,1223,Y
C0141,man,old,2026-03-19,20:37:13,20:38:29,76,Y
C0142,woman,young,2026-03-08,17:43:06,18:06:32,1406,Y
C0143,woman,young,2026-03-13,15:37:59,15:46:13,494,N
C0144,man,young,2026-03-03,17:53:45,18:27:30,2025,N
C0145,unknown,old,2026-03-20,20:00:21,20:04:20,239,N
C0146,woman,young,2026-03-07,10:51:41,11:11:59,1218,N
C0147,man,young,2026-03-18,19:24:05,19:52:18,1693,N
C0148,man,young,2026-03-31,16:05:01,16:20:13,912,Y
C0149,woman,old,2026-03-10,20:48:41,21:00:12,691,Y
C0150,woman,old,2026-03-26,16:47:51,17:10:01,1330,Y
C0151,woman,young,2026-03-27,15:32:12,16:06:37,2065,N
C0152,woman,old,2026-03-09,19:38:27,19:45:36,429,N
C0153,woman,young,2026-03-14,20:27:05,20:30:50,225,N
C0154,woman,young,2026-03-21,20:45:09,21:19:57,2088,Y
C0155,woman,old,2026-03-14,11:58:51,12:32:27,2016,N
C0156,man,young,2026-03-22,14:53:15,15:29:57,2202,N
C0157,woman,young,2026-03-18,11:58:02,12:34:04,2162,Y
C0158,unknown,old,2026-03-14,11:29:42,12:09:30,2388,N
C0159,woman,old,2026-03-19,11:49:32,11:51:38,126,Y
C0160,unknown,old,2026-03-06,12:53:25,12:57:30,245,Y
C0161,woman,old,2026-03-11,19:46:29,20:18:11,1902,N
C0162,woman,young,2026-03-07,12:05:47,12:24:29,1122,Y
C0163,woman,young,2026-03-01,16:07:00,16:19:43,763,N
C0164,woman,old,2026-03-28,20:47:38,21:21:51,2053,N
C0165,unknown,old,2026-03-23,20:44:43,21:12:40,1677,N
C0166,man,young,2026-03-05,10:12:07,10:14:12,125,Y
C0167,man,young,2026-03-16,20:09:41,20:27:11,1050,N
C0168,unknown,young,2026-03-03,14:49:29,15:00:35,666,N
C0169,woman,young,2026-03-04,12:57:09,13:28:32,1883,N
C0170,woman,young,2026-03-28,17:37:15,17:51:59,884,N
C0171,unknown,old,2026-03-02,15:00:06,15:30:34,1828,N
C0172,woman,old,2026-03-02,17:25:31,18:01:33,2162,N
C0173,man,young,2026-03-17,10:27:36,10:50:09,1353,Y
C0174,woman,old,2026-03-29,17:07:31,17:32:11,1480,N
C0175,unknown,old,2026-03-01,12:18:46,12:32:53,847,N
C0176,woman,old,2026-03-08,18:14:37,18:38:46,1449,N
C0177,man,old,2026-03-24,21:24:26,21:50:01,1535,N
C0178,man,young,2026-03-10,21:47:05,22:21:02,2037,Y
C0179,man,young,2026-03-06,19:31:06,20:00:29,1763,N
C0180,woman,young,2026-03-07,18:03:01,18:28:30,1529,N
C0181,woman,young,2026-03-06,18:02:51,18:08:11,320,N
C0182,woman,young,2026-03-20,13:07:35,13:23:52,977,N
C0183,woman,old,2026-03-26,15:49:02,16:28:03,2341,N
C0184,man,young,2026-03-23,10:59:28,11:31:40,1932,Y
C0185,man,young,2026-03-27,18:02:32,18:10:43,491,Y
C0186,unknown,young,2026-03-28,13:58:23,14:10:06,703,N
C0187,unknown,old,2026-03-25,18:31:46,18:39:32,466,Y
C0188,unknown,old,2026-03-11,12:07:54,12:22:40,886,N
C0189,woman,young,2026-03-08,17:21:18,17:56:46,2128,Y
C0190,man,old,2026-03-12,21:48:26,22:14:03,1537,Y
C0191,man,old,2026-03-26,13:08:51,13:39:07,1816,N
C0192,woman,old,2026-03-31,18:50:43,19:16:24,1541,Y
C0193,woman,young,2026-03-25,10:45:51,11:22:10,2179,Y
C0194,man,old,2026-03-11,16:49:10,17:19:47,1837,Y
C0195,woman,young,2026-03-22,20:09:57,20:14:53,296,N
C0196,woman,old,2026-03-29,20:44:35,21:06:21,1306,N
C0197,woman,young,2026-03-27,14:57:33,15:08:34,661,N
C0198,woman,young,2026-03-29,18:39:50,19:11:01,1871,N
C0199,unknown,old,2026-03-25,13:56:19,14:03:04,405,Y
C0200,unknown,old,2026-03-13,21:46:47,21:56:23,576,N
C0201,man,young,2026-03-17,18:19:33,18:43:48,1455,Y
C0202,man,young,2026-03-29,18:37:16,18:54:44,1048,N
C0203,unknown,old,2026-03-17,11:46:03,12:12:30,1587,N
C0204,unknown,old,2026-03-04,10:48:41,10:58:11,570,N
C0205,woman,young,2026-03-15,15:15:51,15:55:27,2376,Y
C0206,woman,old,2026-03-10,20:50:52,21:01:25,633,N
C0207,unknown,young,2026-03-04,15:33:37,15:47:45,848,N
C0208,woman,young,2026-03-05,21:27:53,21:57:00,1747,Y
C0209,man,young,2026-03-14,12:30:13,13:01:40,1887,Y
C0210,woman,old,2026-03-19,18:33:49,19:01:46,1677,N
C0211,unknown,old,2026-03-21,16:28:44,17:03:09,2065,N
C0212,man,young,2026-03-17,12:31:45,13:03:59,1934,Y
C0213,unknown,young,2026-03-23,13:29:30,13:32:43,193,Y
C0214,unknown,old,2026-03-30,11:38:54,12:07:47,1733,Y
C0215,man,old,2026-03-19,14:02:33,14:14:00,687,Y
C0216,woman,old,2026-03-12,14:18:31,14:21:25,174,Y
C0217,man,old,2026-03-02,14:56:18,15:12:01,943,Y
C0218,unknown,old,2026-03-01,11:35:22,11:40:58,336,Y
C0219,woman,old,2026-03-19,14:36:28,15:00:31,1443,N
C0220,woman,young,2026-03-25,12:32:40,13:05:07,1947,N
C0221,unknown,old,2026-03-05,21:20:05,21:49:02,1737,N
C0222,man,old,2026-03-11,18:02:42,18:33:56,1874,N
C0223,unknown,young,2026-03-28,12:45:01,13:07:06,1325,Y
C0224,unknown,young,2026-03-07,19:34:36,19:39:12,276,Y
C0225,woman,young,2026-03-04,20:59:34,21:12:50,796,Y
C0226,woman,young,2026-03-08,21:53:56,22:25:15,1879,Y
C0227,unknown,old,2026-03-13,19:02:31,19:05:06,155,N
C0228,woman,young,2026-03-14,10:55:33,11:18:12,1359,N
C0229,woman,young,2026-03-04,11:34:10,11:54:38,1228,Y
C0230,man,old,2026-03-25,11:09:19,11:38:07,1728,Y
C0231,man,old,2026-03-06,10:45:03,11:06:23,1280,N
C0232,man,old,2026-03-05,16:57:20,17:15:56,1116,N
C0233,man,young,2026-03-07,13:48:38,14:05:46,1028,N
C0234,unknown,old,2026-03-31,11:17:03,11:39:46,1363,N
C0235,unknown,old,2026-03-03,17:01:26,17:18:23,1017,Y
C0236,woman,young,2026-03-08,18:41:50,18:51:24,574,N
C0237,unknown,old,2026-03-15,11:54:40,12:29:49,2109,Y
C0238,man,old,2026-03-18,12:50:15,13:27:56,2261,N
C0239,unknown,old,2026-03-02,10:52:29,11:13:13,1244,Y
C0240,man,young,2026-03-30,17:17:38,17:35:45,1087,N
C0241,woman,young,2026-03-19,18:18:02,18:30:03,721,Y
C0242,woman,young,2026-03-13,21:07:53,21:18:25,632,N
C0243,woman,young,2026-03-20,18:51:20,19:15:43,1463,N
C0244,unknown,old,2026-03-09,13:42:20,14:06:39,1459,Y
C0245,woman,old,2026-03-01,21:08:41,21:09:49,68,N
C0246,man,young,2026-03-22,12:26:35,13:00:57,2062,N
C0247,unknown,young,2026-03-26,20:41:04,21:18:50,2266,Y
C0248,unknown,old,2026-03-22,11:22:52,11:49:33,1601,N
C0249,woman,young,2026-03-27,21:00:07,21:32:42,1955,N
C0250,man,old,2026-03-01,13:47:01,14:07:12,1211,N
C0251,man,young,2026-03-27,19:40:19,19:56:24,965,Y
C0252,woman,old,2026-03-02,14:31:57,14:47:13,916,Y
C0253,man,old,2026-03-04,14:36:32,15:11:15,2083,Y
C0254,unknown,young,2026-03-22,21:36:43,22:16:17,2374,Y
C0255,man,young,2026-03-24,11:08:16,11:48:10,2394,Y
C0256,unknown,old,2026-03-07,20:01:44,20:39:06,2242,N
C0257,unknown,old,2026-03-01,16:41:43,16:46:15,272,N
C0258,woman,old,2026-03-09,11:43:33,12:16:24,1971,N
C0259,woman,young,2026-03-29,21:14:03,21:34:01,1198,N
C0260,unknown,old,2026-03-11,10:25:12,10:49:02,1430,Y
C0261,unknown,young,2026-03-24,13:44:27,13:50:31,364,Y
C0262,man,young,2026-03-11,14:04:40,14:12:16,456,Y
C0263,woman,old,2026-03-26,10:37:51,11:01:40,1429,N
C0264,man,young,2026-03-16,13:21:53,13:26:35,282,N
C0265,unknown,young,2026-03-31,11:49:38,12:20:34,1856,Y
C0266,unknown,old,2026-03-19,11:05:03,11:08:19,196,N
C0267,woman,young,2026-03-26,12:03:58,12:35:08,1870,Y
C0268,woman,old,2026-03-03,11:43:03,12:22:13,2350,Y
C0269,woman,old,2026-03-13,11:39:48,12:08:51,1743,Y
C0270,unknown,young,2026-03-15,16:29:50,17:00:03,1813,Y
C0271,woman,young,2026-03-15,18:21:37,18:35:45,848,Y
C0272,man,young,2026-03-20,21:04:37,21:18:50,853,Y
C0273,unknown,old,2026-03-12,16:30:46,17:02:07,1881,Y
C0274,man,young,2026-03-26,10:03:08,10:25:24,1336,N
C0275,unknown,old,2026-03-10,19:56:34,20:07:30,656,Y
C0276,woman,old,2026-03-20,15:18:23,15:19:56,93,Y
C0277,man,young,2026-03-17,18:54:03,19:23:51,1788,N
C0278,man,young,2026-03-21,13:50:04,14:14:22,1458,Y
C0279,unknown,old,2026-03-23,21:29:38,21:53:14,1416,N
C0280,unknown,old,2026-03-14,15:10:06,15:42:06,1920,Y
C0281,woman,young,2026-03-30,10:40:14,10:56:57,1003,N
C0282,unknown,young,2026-03-08,17:47:49,18:11:26,1417,N
C0283,man,old,2026-03-06,10:23:00,10:29:02,362,N
C0284,man,young,2026-03-05,14:28:12,14:53:46,1534,Y
C0285,man,young,2026-03-07,14:11:14,14:30:07,1133,Y
C0286,woman,young,2026-03-06,13:01:11,13:20:03,1132,Y
C0287,man,young,2026-03-13,20:50:56,20:59:30,514,N
C0288,man,old,2026-03-15,13:23:51,13:50:16,1585,Y
C0289,unknown,old,2026-03-29,21:04:07,21:14:58,651,Y
C0290,man,young,2026-03-18,16:44:23,17:07:05,1362,N
C0291,unknown,young,2026-03-30,10:48:39,11:02:33,834,N
C0292,man,old,2026-03-08,10:40:50,11:00:57,1207,Y
C0293,unknown,old,2026-03-07,21:05:50,21:38:57,1987,Y
C0294,man,old,2026-03-25,20:48:32,21:15:04,1592,N
C0295,unknown,old,2026-03-06,15:45:23,16:22:15,2212,N
C0296,unknown,old,2026-03-16,14:37:25,14:40:54,209,Y
C0297,man,young,2026-03-15,13:25:13,13:47:06,1313,N
C0298,woman,young,2026-03-30,15:16:35,15:23:22,407,Y
C0299,man,old,2026-03-15,18:22:14,18:26:02,228,N
C0300,unknown,old,2026-03-14,17:29:27,17:58:22,1735,N
C0301,woman,old,2026-03-09,16:01:11,16:32:20,1869,Y
C0302,woman,young,2026-03-12,11:18:53,11:54:08,2115,Y
C0303,woman,young,2026-03-04,11:04:23,11:07:59,216,Y
C0304,woman,young,2026-03-22,15:16:19,15:36:03,1184,Y
C0305,unknown,young,2026-03-28,21:47:34,22:06:23,1129,Y
C0306,woman,old,2026-03-27,15:50:25,16:19:06,1721,Y
C0307,woman,young,2026-03-28,16:14:14,16:29:33,919,N
C0308,man,old,2026-03-24,17:21:50,17:28:41,411,N
C0309,man,old,2026-03-25,21:26:13,21:57:09,1856,N
C0310,unknown,young,2026-03-12,12:36:55,12:46:40,585,N
C0311,unknown,young,2026-03-16,20:53:22,21:17:33,1451,Y
C0312,woman,old,2026-03-22,16:48:49,17:26:31,2262,N
C0313,woman,young,2026-03-19,10:59:08,11:10:37,689,N
C0314,unknown,old,2026-03-13,13:25:04,14:02:33,2249,N
C0315,man,old,2026-03-04,15:36:28,15:58:15,1307,Y
C0316,man,young,2026-03-22,18:11:02,18:45:23,2061,Y
C0317,man,young,2026-03-03,16:18:13,16:35:07,1014,N
C0318,unknown,young,2026-03-15,10:23:33,10:25:18,105,Y
C0319,woman,old,2026-03-13,12:07:08,12:44:45,2257,N
C0320,woman,young,2026-03-13,13:08:55,13:23:57,902,N
C0321,woman,old,2026-03-06,19:36:19,19:51:10,891,N
C0322,woman,young,2026-03-01,12:28:04,12:56:19,1695,Y
C0323,unknown,old,2026-03-30,19:56:31,20:28:55,1944,N
C0324,unknown,young,2026-03-24,11:18:41,11:50:50,1929,N
C0325,unknown,old,2026-03-13,19:52:51,20:05:48,777,N
C0326,man,young,2026-03-29,19:46:27,20:18:42,1935,N
C0327,unknown,young,2026-03-23,19:06:25,19:10:23,238,Y
C0328,man,old,2026-03-29,20:34:18,20:39:51,333,Y
C0329,woman,old,2026-03-25,18:07:23,18:13:36,373,Y
C0330,unknown,old,2026-03-14,17:10:16,17:25:25,909,Y
C0331,woman,young,2026-03-03,20:44:43,21:17:14,1951,N
C0332,woman,old,2026-03-28,13:25:02,13:26:45,103,N
C0333,man,young,2026-03-11,20:47:29,21:21:34,2045,N
C0334,man,young,2026-03-18,20:15:45,20:46:37,1852,Y
C0335,woman,old,2026-03-27,12:10:53,12:13:06,133,Y
C0336,man,old,2026-03-04,18:47:25,18:59:54,749,Y
C0337,unknown,young,2026-03-22,14:09:28,14:34:54,1526,Y
C0338,man,young,2026-03-29,20:34:13,21:05:23,1870,Y
C0339,unknown,young,2026-03-13,21:19:28,21:24:02,274,Y
C0340,man,old,2026-03-25,13:59:15,14:25:49,1594,Y
C0341,man,young,2026-03-01,16:01:00,16:25:00,1440,Y
C0342,unknown,young,2026-03-08,11:51:53,12:04:20,747,Y
C0343,man,old,2026-03-17,11:52:20,12:15:21,1381,Y
C0344,unknown,young,2026-03-30,18:25:27,18:34:41,554,Y
C0345,man,young,2026-03-12,15:11:00,15:39:27,1707,N
C0346,man,old,2026-03-07,17:14:04,17:34:04,1200,N
C0347,man,young,2026-03-29,13:26:19,14:01:25,2106,Y
C0348,unknown,young,2026-03-09,11:38:20,12:05:51,1651,Y
C0349,woman,young,2026-03-21,21:20:54,21:54:48,2034,Y
C0350,woman,young,2026-03-20,19:28:24,20:04:17,2153,Y
C0351,unknown,young,2026-03-08,10:39:48,10:49:16,568,N
C0352,man,old,2026-03-25,13:39:05,13:44:10,305,Y
C0353,woman,old,2026-03-10,13:09:24,13:24:21,897,Y
C0354,man,old,2026-03-24,15:08:17,15:30:57,1360,Y
C0355,unknown,old,2026-03-21,14:48:01,15:04:39,998,N
C0356,woman,young,2026-03-07,18:03:58,18:21:55,1077,Y
C0357,unknown,old,2026-03-17,15:11:28,15:12:52,84,Y
C0358,woman,young,2026-03-31,13:03:40,13:14:19,639,Y
C0359,man,young,2026-03-06,19:35:53,19:50:50,897,Y
C0360,unknown,young,2026-03-14,21:29:19,21:41:31,732,Y
C0361,man,old,2026-03-06,19:15:19,19:35:47,1228,N
C0362,unknown,young,2026-03-09,17:05:23,17:33:34,1691,N
C0363,man,old,2026-03-15,16:32:39,17:03:14,1835,Y
C0364,woman,young,2026-03-25,16:27:54,16:34:34,400,N
C0365,unknown,young,2026-03-18,21:11:16,21:38:14,1618,N
C0366,woman,old,2026-03-10,16:35:38,17:09:27,2029,Y
C0367,woman,young,2026-03-23,17:12:09,17:26:05,836,Y
C0368,man,old,2026-03-16,16:59:26,17:27:22,1676,N
C0369,woman,old,2026-03-10,20:37:04,21:05:58,1734,Y
C0370,man,old,2026-03-30,19:10:12,19:40:59,1847,N
C0371,unknown,old,2026-03-17,21:31:40,21:57:48,1568,Y
C0372,unknown,old,2026-03-30,16:47:15,17:04:47,1052,N
C0373,man,old,2026-03-21,21:43:01,21:54:06,665,N
C0374,unknown,old,2026-03-31,20:09:16,20:27:09,1073,Y
C0375,man,young,2026-03-25,11:41:45,12:08:59,1634,N
C0376,unknown,young,2026-03-17,13:56:27,14:08:46,739,N
C0377,woman,old,2026-03-17,18:42:56,19:10:03,1627,N
C0378,unknown,old,2026-03-25,21:55:05,22:03:32,507,N
C0379,man,old,2026-03-24,13:59:47,14:27:57,1690,N
C0380,man,young,2026-03-27,17:00:06,17:05:52,346,N
C0381,unknown,old,2026-03-21,14:46:27,14:59:05,758,Y
C0382,woman,young,2026-03-23,12:12:31,12:25:56,805,Y
C0383,woman,young,2026-03-06,13:03:47,13:17:15,808,Y
C0384,woman,old,2026-03-15,20:58:39,21:07:06,507,Y
C0385,man,old,2026-03-03,16:07:17,16:12:40,323,N
C0386,man,young,2026-03-16,17:43:48,17:51:40,472,Y
C0387,man,old,2026-03-25,10:42:37,10:46:28,231,Y
C0388,man,young,2026-03-13,19:33:48,19:52:56,1148,N
C0389,woman,old,2026-03-20,16:21:23,16:45:48,1465,N
C0390,man,old,2026-03-22,16:24:39,16:29:33,294,N
C0391,woman,young,2026-03-01,17:55:44,18:24:09,1705,Y
C0392,man,young,2026-03-28,18:17:44,18:35:42,1078,N
C0393,woman,old,2026-03-17,16:42:12,16:43:24,72,N
C0394,man,old,2026-03-28,10:51:47,11:15:00,1393,N
C0395,man,old,2026-03-13,21:39:50,21:46:23,393,N
C0396,woman,old,2026-03-22,21:57:06,22:24:22,1636,N
C0397,unknown,young,2026-03-23,12:55:33,13:30:59,2126,Y
C0398,man,old,2026-03-26,11:19:53,11:58:20,2307,N
C0399,man,old,2026-03-31,11:30:42,12:08:36,2274,Y
C0400,man,young,2026-03-06,20:44:05,20:52:17,492,N
C0401,unknown,young,2026-03-06,15:57:24,16:17:32,1208,Y
C0402,unknown,old,2026-03-22,17:57:42,18:07:06,564,Y
C0403,unknown,old,2026-03-03,21:21:55,21:38:11,976,Y
C0404,unknown,old,2026-03-13,21:47:47,22:14:50,1623,N
C0405,man,young,2026-03-09,11:18:05,11:26:41,516,Y
C0406,woman,young,2026-03-24,11:36:23,11:46:04,581,N
C0407,woman,young,2026-03-10,10:37:34,10:51:31,837,N
C0408,woman,old,2026-03-25,15:51:43,16:01:20,577,Y
C0409,man,old,2026-03-01,18:54:29,19:17:03,1354,Y
C0410,woman,young,2026-03-16,20:29:09,20:49:29,1220,Y
C0411,unknown,young,2026-03-20,15:19:32,15:28:57,565,N
C0412,unknown,old,2026-03-21,13:31:18,13:58:00,1602,Y
C0413,woman,young,2026-03-27,21:13:54,21:30:15,981,Y
C0414,man,old,2026-03-24,16:19:52,16:31:44,712,Y
C0415,unknown,old,2026-03-11,16:43:30,17:08:16,1486,N
C0416,woman,young,2026-03-17,21:18:18,21:32:37,859,N
C0417,man,young,2026-03-11,19:55:51,20:00:32,281,N
C0418,woman,young,2026-03-19,12:28:44,13:02:40,2036,N
C0419,man,young,2026-03-07,21:12:47,21:14:24,97,N
C0420,unknown,young,2026-03-22,12:24:27,12:36:56,749,Y
C0421,man,old,2026-03-16,12:03:07,12:39:18,2171,N
C0422,unknown,old,2026-03-05,20:46:25,21:04:08,1063,Y
C0423,man,young,2026-03-13,17:19:44,17:32:30,766,N
C0424,unknown,young,2026-03-25,17:55:52,18:22:57,1625,N
C0425,unknown,old,2026-03-12,10:07:07,10:13:45,398,Y
C0426,woman,young,2026-03-01,19:36:36,20:10:20,2024,N
C0427,unknown,young,2026-03-26,19:11:24,19:45:27,2043,N
C0428,woman,young,2026-03-04,15:04:45,15:42:26,2261,Y
C0429,woman,young,2026-03-13,18:52:34,19:29:45,2231,N
C0430,man,young,2026-03-25,13:42:57,13:51:57,540,Y
C0431,unknown,young,2026-03-01,18:28:51,18:51:18,1347,Y
C0432,man,young,2026-03-19,13:41:10,13:48:09,419,N
C0433,man,young,2026-03-04,18:19:23,18:57:32,2289,Y
C0434,woman,young,2026-03-08,14:02:33,14:23:34,1261,N
C0435,man,old,2026-03-23,15:33:58,15:59:00,1502,Y
C0436,unknown,young,2026-03-22,10:15:02,10:28:52,830,Y
C0437,woman,young,2026-03-31,12:38:35,12:54:19,944,N
C0438,woman,young,2026-03-24,19:27:04,20:05:36,2312,N
C0439,woman,old,2026-03-21,12:25:29,12:32:10,401,N
C0440,unknown,old,2026-03-31,21:09:34,21:24:28,894,Y
C0441,unknown,old,2026-03-21,21:41:12,22:07:36,1584,Y
C0442,woman,young,2026-03-11,16:24:01,16:41:54,1073,Y
C0443,woman,young,2026-03-18,11:43:35,12:12:21,1726,Y
C0444,woman,young,2026-03-12,15:49:17,16:00:16,659,Y
C0445,woman,young,2026-03-04,16:14:24,16:22:34,490,Y
C0446,man,old,2026-03-19,17:06:33,17:31:22,1489,N
C0447,unknown,old,2026-03-20,11:57:03,12:09:42,759,N
C0448,woman,young,2026-03-12,21:43:50,22:21:07,2237,N
C0449,woman,young,2026-03-09,10:43:32,10:55:08,696,Y
C0450,man,old,2026-03-19,21:17:03,21:43:19,1576,Y
C0451,unknown,old,2026-03-23,17:11:28,17:36:37,1509,N
C0452,unknown,old,2026-03-09,16:33:45,16:50:22,997,N
C0453,unknown,young,2026-03-31,14:26:49,14:49:09,1340,Y
C0454,unknown,young,2026-03-03,21:15:05,21:27:21,736,Y
C0455,man,old,2026-03-18,17:51:55,17:53:38,103,N
C0456,unknown,young,2026-03-16,17:32:43,18:10:03,2240,Y
C0457,woman,young,2026-03-20,13:58:53,14:00:22,89,N
C0458,unknown,old,2026-03-08,21:42:58,22:20:01,2223,Y
C0459,unknown,old,2026-03-31,12:43:59,13:20:43,2204,Y
C0460,man,young,2026-03-12,12:32:22,12:36:50,268,N
C0461,woman,old,2026-03-06,15:07:21,15:25:24,1083,Y
C0462,woman,old,2026-03-16,14:16:13,14:17:22,69,N
C0463,man,old,2026-03-30,20:32:52,20:36:17,205,N
C0464,unknown,old,2026-03-02,15:00:39,15:33:04,1945,N
C0465,woman,old,2026-03-04,10:22:56,10:36:38,822,N
C0466,woman,young,2026-03-04,16:31:12,16:37:59,407,Y
C0467,woman,young,2026-03-30,17:00:09,17:18:13,1084,Y
C0468,woman,old,2026-03-12,14:23:27,14:36:53,806,N
C0469,man,old,2026-03-22,17:10:08,17:35:16,1508,N
C0470,man,old,2026-03-29,21:12:07,21:26:03,836,N
C0471,man,young,2026-03-13,16:47:21,16:50:30,189,Y
C0472,unknown,young,2026-03-31,17:42:17,17:51:23,546,N
C0473,woman,old,2026-03-26,20:45:08,21:08:18,1390,N
C0474,unknown,old,2026-03-05,11:06:50,11:09:16,146,Y
C0475,man,old,2026-03-17,10:49:43,11:06:51,1028,Y
C0476,unknown,old,2026-03-14,19:47:00,20:17:39,1839,N
C0477,woman,old,2026-03-16,11:48:27,12:06:21,1074,Y
C0478,unknown,young,2026-03-08,14:49:07,15:08:06,1139,Y
C0479,unknown,old,2026-03-07,17:45:50,17:53:52,482,Y
C0480,man,young,2026-03-08,11:08:25,11:12:02,217,N
C0481,man,young,2026-03-14,10:39:12,10:46:24,432,Y
C0482,woman,old,2026-03-17,14:44:40,15:01:27,1007,Y
C0483,woman,old,2026-03-16,10:32:27,10:36:58,271,N
C0484,man,old,2026-03-12,14:22:45,14:52:17,1772,Y
C0485,woman,young,2026-03-06,10:00:03,10:23:00,1377,Y
C0486,woman,old,2026-03-09,19:06:27,19:20:04,817,N
C0487,woman,old,2026-03-11,14:07:06,14:09:01,115,Y
C0488,woman,old,2026-03-24,15:47:49,16:24:55,2226,N
C0489,man,old,2026-03-07,19:24:05,19:32:20,495,Y
C0490,unknown,young,2026-03-02,19:58:56,20:12:56,840,Y
C0491,unknown,old,2026-03-30,11:04:34,11:28:58,1464,N
C0492,unknown,old,2026-03-25,13:34:46,13:46:15,689,Y
C0493,man,young,2026-03-14,18:45:16,19:24:31,2355,N
C0494,woman,old,2026-03-21,21:07:58,21:38:44,1846,Y
C0495,woman,old,2026-03-17,18:50:01,19:02:24,743,N
C0496,unknown,young,2026-03-10,10:36:03,10:50:02,839,N
C0497,woman,young,2026-03-06,17:48:32,18:15:45,1633,N
C0498,woman,old,2026-03-07,12:00:10,12:16:02,952,Y
C0499,unknown,old,2026-03-17,21:46:33,22:05:13,1120,N
C0500,man,old,2026-03-23,14:35:07,14:47:47,760,Y
C0501,man,young,2026-03-10,10:40:09,11:00:06,1197,Y
C0502,woman,young,2026-03-21,13:52:13,14:29:42,2249,Y
C0503,man,old,2026-03-21,19:23:20,19:30:00,400,N
C0504,unknown,young,2026-03-14,19:18:20,19:23:14,294,Y
C0505,woman,young,2026-03-24,14:11:16,14:13:20,124,Y
C0506,unknown,old,2026-03-31,20:16:55,20:55:31,2316,Y
C0507,woman,young,2026-03-11,14:13:37,14:41:36,1679,Y
C0508,woman,young,2026-03-24,21:27:23,21:38:30,667,N
C0509,man,old,2026-03-06,17:11:52,17:24:53,781,Y
C0510,unknown,old,2026-03-31,21:11:41,21:31:56,1215,Y
C0511,woman,young,2026-03-29,12:52:25,13:06:14,829,Y
C0512,man,young,2026-03-14,13:29:58,13:58:26,1708,Y
C0513,unknown,young,2026-03-24,10:38:06,11:04:53,1607,N
C0514,man,young,2026-03-27,10:48:53,10:52:52,239,Y
C0515,man,young,2026-03-09,12:40:38,12:42:33,115,Y
C0516,man,old,2026-03-28,21:05:12,21:15:42,630,N
C0517,unknown,old,2026-03-27,12:19:21,12:53:02,2021,Y
C0518,man,young,2026-03-18,21:17:40,21:55:46,2286,Y
C0519,man,young,2026-03-04,18:18:06,18:54:01,2155,N
C0520,man,young,2026-03-30,13:01:14,13:31:23,1809,N
C0521,man,old,2026-03-21,14:14:58,14:42:13,1635,Y
C0522,woman,young,2026-03-04,13:06:18,13:31:41,1523,Y
C0523,unknown,old,2026-03-04,15:59:59,16:06:46,407,Y
C0524,unknown,young,2026-03-06,16:33:21,16:46:43,802,N
C0525,man,old,2026-03-20,14:22:56,14:31:01,485,N
C0526,woman,old,2026-03-30,14:51:58,14:58:10,372,Y
C0527,man,young,2026-03-11,12:24:28,12:58:07,2019,Y
C0528,man,old,2026-03-31,21:17:09,21:24:19,430,N
C0529,man,young,2026-03-25,16:22:20,16:57:04,2084,N
C0530,woman,old,2026-03-20,20:21:08,20:38:55,1067,N
C0531,woman,old,2026-03-18,18:31:34,19:09:10,2256,Y
C0532,woman,young,2026-03-19,21:26:33,21:42:31,958,Y
C0533,man,old,2026-03-01,13:54:01,14:19:45,1544,N
C0534,man,young,2026-03-02,15:23:54,15:34:24,630,N
C0535,woman,young,2026-03-27,18:59:58,19:29:42,1784,Y
C0536,man,young,2026-03-02,21:08:07,21:18:53,646,N
C0537,unknown,young,2026-03-23,16:23:03,16:31:17,494,Y
C0538,woman,young,2026-03-01,12:23:09,12:29:32,383,Y
C0539,man,young,2026-03-19,16:09:48,16:23:15,807,N
C0540,unknown,young,2026-03-24,18:44:19,19:17:24,1985,N
C0541,unknown,old,2026-03-15,20:44:00,21:04:34,1234,Y
C0542,man,young,2026-03-29,20:02:38,20:15:28,770,Y
C0543,man,old,2026-03-27,16:43:56,17:15:56,1920,N
C0544,unknown,old,2026-03-23,13:27:59,13:39:41,702,N
C0545,man,old,2026-03-31,12:47:13,13:15:33,1700,Y
C0546,man,old,2026-03-06,21:35:38,21:41:54,376,N
C0547,woman,old,2026-03-21,20:25:52,20:52:50,1618,Y
C0548,man,old,2026-03-21,16:12:17,16:20:41,504,Y
C0549,man,old,2026-03-20,15:01:15,15:21:30,1215,Y
C0550,unknown,young,2026-03-03,13:38:00,14:00:06,1326,Y
C0551,unknown,young,2026-03-21,10:15:17,10:22:05,408,Y
C0552,unknown,old,2026-03-02,10:20:05,10:42:09,1324,Y
C0553,woman,old,2026-03-31,16:32:12,16:54:40,1348,N
C0554,unknown,old,2026-03-05,21:43:06,22:06:43,1417,N
C0555,unknown,young,2026-03-17,12:01:37,12:28:42,1625,N
C0556,unknown,young,2026-03-10,12:09:43,12:42:19,1956,Y
C0557,unknown,young,2026-03-31,21:14:56,21:30:39,943,Y
C0558,unknown,young,2026-03-31,18:33:46,19:10:29,2203,N
C0559,woman,young,2026-03-11,14:23:39,14:54:03,1824,Y
C0560,unknown,old,2026-03-08,13:39:38,13:45:45,367,Y
C0561,unknown,old,2026-03-04,10:09:49,10:31:56,1327,Y
C0562,woman,young,2026-03-15,15:10:59,15:32:09,1270,Y
C0563,man,old,2026-03-19,15:22:05,15:27:56,351,Y
C0564,unknown,old,2026-03-09,17:16:48,17:47:58,1870,Y
C0565,man,old,2026-03-02,15:54:18,16:22:40,1702,N
C0566,unknown,young,2026-03-15,15:32:54,15:55:18,1344,N
C0567,man,old,2026-03-17,17:16:56,17:20:50,234,Y
C0568,unknown,young,2026-03-23,18:00:09,18:08:20,491,N
C0569,woman,young,2026-03-19,16:54:04,17:10:17,973,N
C0570,woman,young,2026-03-12,17:29:41,18:07:12,2251,N
C0571,man,young,2026-03-06,21:06:58,21:35:03,1685,N
C0572,man,old,2026-03-11,11:20:21,11:54:32,2051,Y
C0573,unknown,old,2026-03-04,14:29:02,15:07:14,2292,Y
C0574,woman,young,2026-03-21,13:20:36,13:23:44,188,N
C0575,man,old,2026-03-26,16:30:13,16:34:54,281,Y
C0576,man,old,2026-03-09,14:40:11,14:46:53,402,Y
C0577,man,old,2026-03-13,11:19:55,11:51:44,1909,N
C0578,unknown,young,2026-03-22,14:11:53,14:16:33,280,Y
C0579,woman,old,2026-03-31,14:10:12,14:35:02,1490,N
C0580,woman,old,2026-03-18,21:50:10,22:20:59,1849,N
C0581,unknown,old,2026-03-27,10:35:50,10:50:23,873,Y
C0582,unknown,young,2026-03-11,20:52:46,21:15:22,1356,Y
C0583,man,old,2026-03-30,12:31:55,12:54:31,1356,Y
C0584,unknown,old,2026-03-09,18:46:00,19:17:45,1905,Y
C0585,unknown,old,2026-03-21,19:06:02,19:21:57,955,Y
C0586,woman,young,2026-03-20,16:13:22,16:28:41,919,Y
C0587,unknown,young,2026-03-12,15:01:19,15:23:16,1317,Y
C0588,unknown,old,2026-03-21,17:26:26,17:51:26,1500,N
C0589,unknown,old,2026-03-17,15:07:59,15:20:59,780,N
C0590,woman,old,2026-03-06,18:38:10,19:16:13,2283,N
C0591,woman,old,2026-03-28,20:44:43,21:15:34,1851,N
C0592,unknown,young,2026-03-03,11:05:41,11:07:48,127,N
C0593,man,old,2026-03-24,19:59:34,20:07:22,468,N
C0594,unknown,young,2026-03-22,14:54:26,15:09:53,927,Y
C0595,woman,old,2026-03-04,13:54:30,14:03:59,569,N
C0596,woman,old,2026-03-30,20:45:50,21:13:51,1681,Y
C0597,woman,young,2026-03-17,14:17:56,14:36:59,1143,N
C0598,woman,young,2026-03-01,16:02:00,16:04:47,167,Y
C0599,woman,old,2026-03-11,12:36:27,12:53:57,1050,N
C0600,man,old,2026-03-27,10:51:59,11:22:16,1817,Y
C0601,unknown,old,2026-03-24,12:25:57,12:48:40,1363,Y
C0602,woman,young,2026-03-04,21:51:08,22:26:33,2125,Y
C0603,unknown,old,2026-03-27,20:58:16,21:37:00,2324,Y
C0604,woman,young,2026-03-03,11:01:27,11:03:14,107,Y
C0605,man,young,2026-03-19,16:01:47,16:11:41,594,N
C0606,unknown,old,2026-03-06,13:41:57,13:58:05,968,N
C0607,man,young,2026-03-24,16:49:16,16:53:47,271,N
C0608,man,young,2026-03-21,10:40:37,10:48:40,483,Y
C0609,woman,young,2026-03-04,12:18:16,12:31:35,799,Y
C0610,man,old,2026-03-28,15:58:53,16:14:04,911,N
C0611,man,old,2026-03-26,10:26:04,11:00:16,2052,Y
C0612,man,old,2026-03-13,15:40:58,16:12:44,1906,Y
C0613,man,old,2026-03-01,12:42:36,12:45:44,188,Y
C0614,woman,old,2026-03-16,19:38:34,19:39:54,80,Y
C0615,unknown,old,2026-03-30,11:12:38,11:15:39,181,Y
C0616,unknown,young,2026-03-07,15:07:57,15:23:45,948,Y
C0617,woman,young,2026-03-08,11:46:44,11:56:22,578,N
C0618,woman,old,2026-03-07,11:22:45,12:01:23,2318,N
C0619,woman,old,2026-03-14,18:25:59,18:40:09,850,N
C0620,man,young,2026-03-22,21:17:25,21:25:26,481,N
C0621,man,young,2026-03-31,21:31:27,22:02:54,1887,N
C0622,unknown,old,2026-03-27,15:39:06,16:06:14,1628,N
C0623,man,old,2026-03-12,20:52:04,21:23:44,1900,Y
C0624,man,old,2026-03-19,16:18:38,16:55:50,2232,N
C0625,woman,young,2026-03-04,12:51:20,13:21:38,1818,Y
C0626,woman,young,2026-03-03,13:42:23,14:08:46,1583,Y
C0627,woman,young,2026-03-01,15:44:00,16:07:27,1407,Y
C0628,woman,old,2026-03-29,13:35:04,14:02:23,1639,N
C0629,unknown,young,2026-03-17,13:06:35,13:26:33,1198,Y
C0630,unknown,old,2026-03-22,16:20:52,16:43:43,1371,Y
C0631,man,young,2026-03-26,17:31:02,17:50:46,1184,N
C0632,man,young,2026-03-15,12:38:20,13:05:28,1628,Y
C0633,unknown,young,2026-03-10,10:41:50,10:43:09,79,N
C0634,woman,young,2026-03-27,16:02:57,16:40:22,2245,Y
C0635,woman,young,2026-03-03,17:06:53,17:36:13,1760,N
C0636,woman,old,2026-03-25,15:25:05,16:04:04,2339,N
C0637,woman,young,2026-03-13,14:44:29,15:19:09,2080,Y
C0638,woman,young,2026-03-01,13:03:52,13:05:34,102,Y
C0639,man,old,2026-03-28,21:46:27,22:02:54,987,Y
C0640,man,young,2026-03-24,15:52:57,16:30:38,2261,Y
C0641,unknown,young,2026-03-09,10:07:03,10:28:49,1306,Y
C0642,woman,old,2026-03-23,19:50:51,20:17:45,1614,N
C0643,unknown,young,2026-03-30,12:37:29,12:46:40,551,Y
C0644,woman,young,2026-03-25,19:56:54,20:26:06,1752,N
C0645,unknown,young,2026-03-17,18:15:36,18:49:13,2017,N
C0646,woman,old,2026-03-25,21:30:14,21:37:30,436,N
C0647,woman,young,2026-03-12,18:53:55,19:11:27,1052,Y
C0648,unknown,young,2026-03-03,17:03:13,17:05:06,113,Y
C0649,woman,old,2026-03-07,17:06:21,17:21:35,914,N
C0650,woman,old,2026-03-21,12:54:32,13:02:44,492,Y
C0651,man,old,2026-03-13,17:55:39,18:31:42,2163,Y
C0652,woman,young,2026-03-03,14:27:10,14:49:08,1318,Y
C0653,man,old,2026-03-29,11:47:07,12:04:32,1045,Y
C0654,woman,young,2026-03-09,10:30:42,11:07:56,2234,N
C0655,woman,old,2026-03-04,18:05:22,18:35:49,1827,Y
C0656,man,old,2026-03-17,16:32:21,16:36:58,277,N
C0657,woman,old,2026-03-04,10:41:24,11:11:14,1790,Y
C0658,woman,young,2026-03-13,12:38:17,13:15:26,2229,N
C0659,unknown,old,2026-03-04,20:03:41,20:21:40,1079,Y
C0660,man,young,2026-03-02,10:36:17,10:53:34,1037,Y
C0661,unknown,young,2026-03-09,13:56:39,14:25:16,1717,N
C0662,woman,young,2026-03-08,21:52:56,22:12:14,1158,N
C0663,man,young,2026-03-26,13:22:40,13:43:19,1239,N
C0664,unknown,young,2026-03-04,12:32:58,13:06:30,2012,N
C0665,unknown,young,2026-03-06,15:43:04,15:55:26,742,Y
C0666,woman,old,2026-03-05,10:42:30,11:12:42,1812,N
C0667,man,young,2026-03-09,11:10:43,11:12:22,99,N
C0668,woman,young,2026-03-16,13:30:07,13:34:12,245,Y
C0669,unknown,old,2026-03-27,13:33:32,13:45:57,745,Y
C0670,man,young,2026-03-10,21:21:28,21:55:57,2069,N
C0671,unknown,old,2026-03-22,17:16:23,17:48:42,1939,Y
C0672,woman,old,2026-03-23,15:57:33,16:31:36,2043,Y
C0673,woman,young,2026-03-05,16:54:14,17:04:54,640,N
C0674,woman,young,2026-03-08,19:47:44,20:18:08,1824,N
C0675,man,young,2026-03-07,16:40:06,16:59:47,1181,N
C0676,unknown,young,2026-03-09,20:22:56,20:46:32,1416,N
C0677,unknown,old,2026-03-31,14:19:12,14:23:00,228,N
C0678,unknown,young,2026-03-14,17:36:50,18:01:31,1481,N
C0679,man,young,2026-03-16,20:09:29,20:20:44,675,N
C0680,unknown,young,2026-03-10,17:18:04,17:39:11,1267,Y
C0681,woman,young,2026-03-07,14:52:37,15:02:02,565,Y
C0682,woman,old,2026-03-01,16:22:42,16:23:44,62,Y
C0683,woman,young,2026-03-12,14:50:54,15:26:10,2116,Y
C0684,man,old,2026-03-05,21:12:27,21:18:57,390,N
C0685,man,young,2026-03-16,15:15:51,15:43:13,1642,N
C0686,woman,young,2026-03-29,14:58:19,15:20:31,1332,Y
C0687,unknown,old,2026-03-22,15:51:37,16:02:07,630,Y
C0688,woman,young,2026-03-14,18:12:19,18:34:08,1309,Y
C0689,woman,old,2026-03-18,12:24:50,12:55:39,1849,Y
C0690,man,old,2026-03-23,15:32:59,15:58:23,1524,N
C0691,woman,old,2026-03-15,16:26:29,16:29:22,173,Y
C0692,woman,young,2026-03-25,12:39:58,13:01:36,1298,Y
C0693,unknown,old,2026-03-05,19:34:57,20:14:33,2376,N
C0694,man,old,2026-03-05,16:42:00,17:14:35,1955,N
C0695,man,young,2026-03-02,14:53:41,15:01:59,498,N
C0696,unknown,young,2026-03-27,14:36:30,15:00:07,1417,Y
C0697,man,young,2026-03-23,13:33:09,14:12:31,2362,N
C0698,man,young,2026-03-29,20:40:54,20:52:27,693,N
C0699,unknown,old,2026-03-24,10:51:31,11:06:13,882,Y
C0700,man,young,2026-03-05,19:56:07,20:32:36,2189,Y
C0701,man,young,2026-03-04,17:01:53,17:37:24,2131,N
C0702,woman,young,2026-03-30,11:19:25,11:53:26,2041,Y
C0703,man,old,2026-03-27,19:43:28,19:52:52,564,N
C0704,man,young,2026-03-06,12:52:47,13:10:12,1045,Y
C0705,unknown,young,2026-03-16,17:18:18,17:26:07,469,N
C0706,woman,old,2026-03-13,16:44:51,16:53:10,499,N
C0707,woman,old,2026-03-05,10:18:29,10:27:41,552,N
C0708,man,old,2026-03-02,20:41:57,21:13:17,1880,Y
C0709,woman,young,2026-03-15,21:29:17,21:30:54,97,Y
C0710,woman,young,2026-03-12,21:33:24,22:09:25,2161,Y
C0711,man,young,2026-03-12,20:46:36,21:10:45,1449,N
C0712,unknown,young,2026-03-09,20:19:59,20:47:52,1673,Y
C0713,unknown,old,2026-03-13,17:38:42,17:52:00,798,N
C0714,man,old,2026-03-19,19:22:37,19:51:10,1713,Y
C0715,man,young,2026-03-28,21:10:14,21:17:49,455,Y
C0716,woman,old,2026-03-11,13:49:51,14:07:00,1029,Y
C0717,man,old,2026-03-25,16:59:04,17:04:17,313,N
C0718,man,young,2026-03-28,21:04:28,21:31:01,1593,Y
C0719,man,old,2026-03-04,21:28:24,21:38:29,605,Y
C0720,man,old,2026-03-16,17:43:18,17:59:41,983,Y
C0721,unknown,young,2026-03-14,18:51:50,19:05:57,847,Y
C0722,unknown,young,2026-03-21,20:06:13,20:09:29,196,Y
C0723,man,old,2026-03-25,16:36:34,16:42:28,354,N
C0724,man,old,2026-03-07,13:36:52,14:10:12,2000,N
C0725,woman,young,2026-03-26,11:28:27,11:55:07,1600,Y
C0726,unknown,young,2026-03-05,18:19:06,18:28:09,543,N
C0727,man,young,2026-03-20,18:21:01,18:37:18,977,N
C0728,woman,old,2026-03-23,15:04:55,15:16:41,706,N
C0729,man,young,2026-03-28,18:59:39,19:34:47,2108,N
C0730,woman,young,2026-03-18,21:57:07,22:30:16,1989,N
C0731,unknown,young,2026-03-02,15:26:16,15:40:57,881,N
C0732,man,young,2026-03-07,18:52:46,19:16:16,1410,Y
C0733,man,old,2026-03-03,19:57:39,20:01:03,204,N
C0734,man,old,2026-03-20,21:39:59,21:46:29,390,N
C0735,man,old,2026-03-24,10:06:02,10:40:56,2094,Y
C0736,unknown,old,2026-03-14,17:19:50,17:36:22,992,Y
C0737,man,young,2026-03-25,13:34:38,14:01:31,1613,Y
C0738,unknown,old,2026-03-02,16:49:24,16:58:56,572,N
C0739,unknown,old,2026-03-18,12:07:28,12:16:31,543,N
C0740,woman,young,2026-03-11,16:58:03,17:15:18,1035,Y
C0741,man,young,2026-03-08,16:47:48,17:25:24,2256,Y
C0742,man,young,2026-03-27,10:04:03,10:13:42,579,N
C0743,man,old,2026-03-02,15:22:38,15:40:18,1060,N
C0744,man,old,2026-03-16,20:07:42,20:13:56,374,Y
C0745,woman,young,2026-03-16,21:47:52,22:13:14,1522,Y
C0746,woman,old,2026-03-31,15:49:35,16:10:33,1258,Y
C0747,unknown,old,2026-03-11,21:34:32,21:42:39,487,Y
C0748,woman,old,2026-03-23,19:31:17,19:37:38,381,Y
C0749,man,young,2026-03-10,21:35:13,21:44:35,562,N
C0750,unknown,young,2026-03-02,13:44:28,14:16:26,1918,Y
C0751,man,old,2026-03-27,10:17:17,10:44:30,1633,N
C0752,man,young,2026-03-09,19:24:31,19:26:48,137,N
C0753,woman,old,2026-03-02,13:13:24,13:26:59,815,N
C0754,unknown,young,2026-03-22,14:02:34,14:27:18,1484,Y
C0755,unknown,old,2026-03-30,14:51:48,15:07:34,946,Y
C0756,woman,old,2026-03-28,16:50:46,16:55:39,293,Y
C0757,unknown,old,2026-03-31,21:59:43,22:20:20,1237,N
C0758,woman,old,2026-03-06,16:29:47,16:47:02,1035,Y
C0759,man,old,2026-03-26,20:17:05,20:35:08,1083,N
C0760,woman,old,2026-03-02,19:17:23,19:36:43,1160,N
C0761,unknown,young,2026-03-04,14:36:42,14:59:36,1374,N
C0762,man,old,2026-03-15,10:28:00,11:00:50,1970,Y
C0763,woman,old,2026-03-21,18:13:26,18:18:25,299,Y
C0764,woman,old,2026-03-31,11:28:11,11:46:47,1116,N
C0765,woman,old,2026-03-05,13:40:11,13:51:12,661,Y
C0766,man,young,2026-03-21,10:11:43,10:47:18,2135,N
C0767,unknown,old,2026-03-02,18:45:14,18:50:23,309,N
C0768,woman,young,2026-03-22,15:34:45,15:38:48,243,Y
C0769,woman,young,2026-03-03,18:28:07,19:04:00,2153,Y
C0770,man,young,2026-03-11,19:23:53,19:53:16,1763,Y
C0771,unknown,old,2026-03-29,14:09:01,14:32:18,1397,N
C0772,woman,old,2026-03-29,20:23:30,20:44:34,1264,Y
C0773,man,old,2026-03-02,14:59:09,15:01:53,164,Y
C0774,unknown,young,2026-03-26,15:32:45,16:08:26,2141,N
C0775,man,old,2026-03-27,19:02:42,19:13:56,674,N
C0776,unknown,young,2026-03-31,11:59:14,12:38:49,2375,N
C0777,unknown,young,2026-03-28,18:51:03,19:24:17,1994,N
C0778,woman,old,2026-03-07,19:18:58,19:36:37,1059,N
C0779,man,old,2026-03-08,17:20:47,17:29:39,532,Y
C0780,woman,old,2026-03-12,11:22:35,11:58:06,2131,Y
C0781,woman,old,2026-03-20,13:28:50,13:58:25,1775,Y
C0782,unknown,young,2026-03-30,18:15:49,18:44:38,1729,Y
C0783,unknown,old,2026-03-26,14:21:20,14:30:23,543,Y
C0784,woman,old,2026-03-17,12:36:31,12:51:02,871,Y
C0785,woman,young,2026-03-06,11:26:16,12:05:07,2331,N
C0786,unknown,young,2026-03-05,10:53:27,10:56:05,158,Y
C0787,man,young,2026-03-17,18:58:24,19:28:13,1789,N
C0788,man,old,2026-03-23,18:15:45,18:36:46,1261,Y
C0789,woman,old,2026-03-19,19:39:06,19:43:11,245,Y
C0790,unknown,old,2026-03-31,17:58:26,18:30:08,1902,N
C0791,woman,old,2026-03-23,12:46:11,13:21:57,2146,Y
C0792,man,young,2026-03-19,19:23:43,19:55:40,1917,N
C0793,woman,old,2026-03-06,18:46:37,19:06:41,1204,Y
C0794,man,old,2026-03-16,15:03:36,15:39:56,2180,N
C0795,woman,old,2026-03-13,15:48:11,15:58:57,646,Y
C0796,unknown,young,2026-03-14,18:17:36,18:40:03,1347,Y
C0797,woman,old,2026-03-06,11:18:17,11:52:30,2053,N
C0798,man,young,2026-03-10,14:38:48,14:47:02,494,Y
C0799,unknown,old,2026-03-05,11:13:35,11:49:18,2143,Y
C0800,man,young,2026-03-31,18:34:51,18:49:10,859,Y
C0801,woman,young,2026-03-12,13:18:36,13:48:42,1806,N
C0802,unknown,young,2026-03-27,17:18:58,17:27:26,508,Y
C0803,woman,old,2026-03-16,14:05:55,14:16:15,620,N
C0804,unknown,young,2026-03-31,15:51:05,16:07:16,971,Y
C0805,woman,young,2026-03-17,15:17:29,15:53:29,2160,Y
C0806,unknown,old,2026-03-29,10:27:06,11:03:41,2195,N
C0807,man,young,2026-03-31,20:40:00,20:57:47,1067,Y
C0808,unknown,old,2026-03-28,13:43:12,14:02:18,1146,N
C0809,man,old,2026-03-27,12:46:31,13:06:48,1217,Y
C0810,man,young,2026-03-31,18:54:46,19:10:23,937,Y
C0811,woman,young,2026-03-16,18:39:13,18:52:22,789,Y
C0812,woman,old,2026-03-20,16:40:37,16:57:38,1021,N
C0813,woman,young,2026-03-29,14:53:14,15:14:10,1256,N
C0814,woman,old,2026-03-20,15:34:30,15:55:40,1270,Y
C0815,man,young,2026-03-31,14:26:28,14:49:40,1392,Y
C0816,unknown,old,2026-03-04,12:29:20,12:38:05,525,N
C0817,unknown,old,2026-03-23,12:49:56,13:23:57,2041,N
C0818,unknown,old,2026-03-22,13:01:18,13:20:35,1157,Y
C0819,woman,young,2026-03-18,15:16:43,15:39:23,1360,N
C0820,woman,old,2026-03-14,16:16:58,16:21:41,283,N
C0821,woman,young,2026-03-11,20:52:02,21:14:05,1323,N
C0822,woman,young,2026-03-19,12:34:13,12:42:44,511,N
C0823,man,young,2026-03-31,21:01:51,21:28:44,1613,Y
C0824,unknown,old,2026-03-30,15:49:49,16:28:33,2324,Y
C0825,unknown,young,2026-03-17,13:23:34,13:38:06,872,Y
C0826,unknown,old,2026-03-28,21:14:18,21:26:19,721,N
C0827,woman,old,2026-03-07,18:46:15,18:48:10,115,Y
C0828,man,young,2026-03-17,16:50:31,16:54:24,233,Y
C0829,woman,old,2026-03-01,13:40:49,13:58:41,1072,Y
C0830,woman,young,2026-03-27,16:41:25,16:51:22,597,N
C0831,man,young,2026-03-03,18:46:45,19:16:06,1761,Y
C0832,man,young,2026-03-04,21:37:50,22:05:32,1662,Y
C0833,unknown,old,2026-03-26,15:27:32,15:30:07,155,N
C0834,woman,old,2026-03-07,11:16:41,11:49:51,1990,N
C0835,woman,old,2026-03-03,13:26:35,13:46:35,1200,N
C0836,woman,young,2026-03-13,10:31:46,10:59:38,1672,N
C0837,unknown,young,2026-03-15,13:36:01,14:04:08,1687,Y
C0838,woman,old,2026-03-16,19:06:41,19:28:53,1332,N
C0839,man,young,2026-03-04,18:10:13,18:44:39,2066,Y
C0840,man,young,2026-03-13,19:53:30,20:30:13,2203,Y
C0841,man,old,2026-03-09,16:19:47,16:43:50,1443,Y
C0842,man,old,2026-03-23,19:38:26,19:39:48,82,N
C0843,unknown,young,2026-03-25,18:50:31,19:28:45,2294,N
C0844,woman,young,2026-03-11,17:45:30,18:21:37,2167,Y
C0845,man,old,2026-03-23,11:24:08,11:26:03,115,Y
C0846,unknown,young,2026-03-06,13:28:55,13:37:40,525,Y
C0847,woman,old,2026-03-06,20:51:33,21:25:48,2055,Y
C0848,unknown,old,2026-03-13,10:18:07,10:48:50,1843,N
C0849,unknown,old,2026-03-17,15:39:56,16:06:18,1582,Y
C0850,man,old,2026-03-17,20:13:51,20:40:11,1580,N
C0851,woman,old,2026-03-07,15:59:47,16:10:01,614,Y
C0852,unknown,old,2026-03-01,15:26:11,15:37:26,675,N
C0853,man,young,2026-03-10,21:12:12,21:19:36,444,N
C0854,woman,young,2026-03-02,19:29:38,19:41:18,700,Y
C0855,woman,young,2026-03-12,20:00:59,20:15:08,849,N
C0856,woman,old,2026-03-19,21:19:23,21:47:54,1711,N
C0857,unknown,young,2026-03-03,19:09:06,19:24:52,946,N
C0858,man,old,2026-03-19,11:08:51,11:45:30,2199,N
C0859,woman,old,2026-03-31,21:55:39,22:28:58,1999,Y
C0860,man,young,2026-03-26,13:13:05,13:24:05,660,Y
C0861,man,old,2026-03-28,10:20:04,10:24:37,273,Y
C0862,unknown,old,2026-03-14,20:30:20,20:51:59,1299,Y
C0863,man,old,2026-03-13,16:45:30,17:10:44,1514,N
C0864,unknown,old,2026-03-17,11:56:38,12:12:14,936,Y
C0865,unknown,old,2026-03-23,12:53:27,13:32:42,2355,N
C0866,woman,old,2026-03-22,11:35:57,12:06:40,1843,N
C0867,man,young,2026-03-28,15:54:29,16:19:06,1477,N
C0868,man,young,2026-03-13,15:11:59,15:13:42,103,Y
C0869,woman,old,2026-03-17,13:00:37,13:22:48,1331,N
C0870,man,old,2026-03-30,14:32:58,14:34:51,113,N
C0871,man,old,2026-03-21,17:25:02,17:43:18,1096,N
C0872,unknown,young,2026-03-19,10:55:45,11:28:53,1988,N
C0873,woman,young,2026-03-16,21:55:41,22:33:55,2294,Y
C0874,man,old,2026-03-01,19:57:45,20:09:12,687,Y
C0875,man,young,2026-03-14,11:03:28,11:08:43,315,N
C0876,man,old,2026-03-28,13:41:39,13:43:47,128,N
C0877,unknown,old,2026-03-29,21:10:57,21:36:57,1560,Y
C0878,unknown,old,2026-03-14,20:42:03,20:47:29,326,Y
C0879,unknown,young,2026-03-24,14:05:11,14:36:27,1876,Y
C0880,woman,young,2026-03-23,18:26:11,18:27:24,73,N
C0881,woman,old,2026-03-04,15:29:36,15:36:28,412,N
C0882,man,young,2026-03-30,11:11:46,11:18:39,413,Y
C0883,woman,young,2026-03-25,12:50:00,13:05:50,950,N
C0884,woman,young,2026-03-29,21:15:19,21:29:21,842,Y
C0885,woman,young,2026-03-13,21:18:11,21:38:13,1202,Y
C0886,unknown,old,2026-03-14,13:53:12,14:12:49,1177,Y
C0887,man,old,2026-03-09,21:28:16,21:35:34,438,N
C0888,woman,old,2026-03-12,20:33:28,20:46:06,758,Y
C0889,unknown,old,2026-03-05,18:36:13,19:06:50,1837,N
C0890,unknown,old,2026-03-07,15:44:32,16:23:11,2319,N
C0891,man,young,2026-03-09,13:29:16,13:32:24,188,Y
C0892,unknown,young,2026-03-16,12:29:37,12:52:39,1382,N
C0893,unknown,old,2026-03-22,19:57:02,20:20:02,1380,Y
C0894,unknown,old,2026-03-28,10:10:26,10:43:53,2007,N
C0895,woman,young,2026-03-06,15:19:10,15:52:02,1972,Y
C0896,man,old,2026-03-26,19:29:37,20:00:18,1841,N
C0897,woman,young,2026-03-09,21:23:38,21:47:41,1443,N
C0898,unknown,old,2026-03-10,10:59:56,11:16:55,1019,Y
C0899,woman,old,2026-03-25,14:36:25,14:39:21,176,Y
C0900,unknown,young,2026-03-30,14:56:38,15:33:24,2206,Y
C0901,unknown,young,2026-03-05,20:21:50,20:26:30,280,Y
C0902,woman,young,2026-03-26,15:29:25,15:41:42,737,N
C0903,man,young,2026-03-07,12:19:19,12:25:48,389,Y
C0904,man,young,2026-03-14,11:46:15,11:57:46,691,N
C0905,man,old,2026-03-06,15:06:30,15:45:02,2312,N
C0906,unknown,young,2026-03-30,17:42:24,18:15:02,1958,Y
C0907,man,old,2026-03-05,15:48:59,15:59:05,606,N
C0908,woman,old,2026-03-27,20:46:55,21:16:54,1799,N
C0909,unknown,young,2026-03-12,17:42:47,17:45:37,170,Y
C0910,unknown,young,2026-03-25,13:23:23,13:47:35,1452,Y
C0911,unknown,old,2026-03-30,11:41:14,11:51:39,625,N
C0912,man,young,2026-03-07,14:27:05,14:51:15,1450,N
C0913,unknown,young,2026-03-14,12:18:19,12:45:43,1644,N
C0914,man,old,2026-03-31,16:11:10,16:39:21,1691,Y
C0915,woman,young,2026-03-12,20:46:06,21:14:42,1716,Y
C0916,man,old,2026-03-05,19:32:24,20:04:26,1922,Y
C0917,woman,old,2026-03-14,10:19:27,10:38:06,1119,Y
C0918,unknown,old,2026-03-17,15:49:30,16:13:22,1432,N
C0919,man,young,2026-03-14,18:48:24,18:54:51,387,Y
C0920,man,old,2026-03-31,21:37:16,21:51:45,869,N
C0921,woman,young,2026-03-15,14:02:07,14:36:32,2065,N
C0922,woman,young,2026-03-29,19:43:23,20:01:36,1093,N
C0923,woman,old,2026-03-25,10:34:17,10:47:29,792,N
C0924,woman,old,2026-03-01,17:20:19,17:23:44,205,Y
C0925,woman,young,2026-03-18,21:25:15,21:38:12,777,Y
C0926,unknown,young,2026-03-05,21:09:40,21:44:21,2081,N
C0927,woman,old,2026-03-15,21:39:15,22:15:59,2204,N
C0928,man,young,2026-03-11,15:02:09,15:10:03,474,N
C0929,unknown,young,2026-03-11,20:47:19,21:17:09,1790,N
C0930,man,young,2026-03-31,21:16:46,21:23:10,384,N
C0931,man,young,2026-03-19,14:19:39,14:55:44,2165,Y
C0932,unknown,young,2026-03-12,19:30:13,20:01:02,1849,N
C0933,unknown,young,2026-03-09,18:42:02,19:10:14,1692,Y
C0934,unknown,old,2026-03-09,10:26:13,10:28:29,136,N
C0935,unknown,young,2026-03-09,14:29:38,14:52:21,1363,Y
C0936,man,young,2026-03-01,21:20:14,21:25:35,321,N
C0937,unknown,old,2026-03-19,16:40:38,17:04:04,1406,N
C0938,woman,young,2026-03-11,15:20:22,15:51:42,1880,Y
C0939,woman,old,2026-03-07,18:44:10,19:11:47,1657,N
C0940,woman,young,2026-03-22,19:05:40,19:39:52,2052,N
C0941,man,young,2026-03-24,18:23:19,18:44:14,1255,N
C0942,woman,old,2026-03-01,12:39:37,12:51:59,742,N
C0943,unknown,old,2026-03-14,10:48:18,11:27:17,2339,N
C0944,man,old,2026-03-30,18:08:24,18:17:49,565,Y
C0945,woman,young,2026-03-07,11:36:18,11:49:29,791,Y
C0946,unknown,old,2026-03-18,16:22:48,16:38:39,951,N
C0947,unknown,old,2026-03-11,15:40:06,16:02:47,1361,N
C0948,man,old,2026-03-16,17:18:52,17:50:32,1900,Y
C0949,man,old,2026-03-10,10:34:53,10:58:41,1428,N
C0950,unknown,young,2026-03-22,11:24:37,11:54:09,1772,N
C0951,woman,young,2026-03-21,10:39:14,10:49:41,627,Y
C0952,unknown,old,2026-03-31,10:20:39,10:38:42,1083,Y
C0953,unknown,old,2026-03-22,11:23:01,11:50:35,1654,Y
C0954,man,old,2026-03-12,21:55:15,22:08:12,777,N
C0955,unknown,young,2026-03-11,12:18:04,12:21:10,186,Y
C0956,unknown,old,2026-03-15,13:43:38,14:14:55,1877,Y
C0957,man,old,2026-03-17,20:07:51,20:31:27,1416,Y
C0958,man,old,2026-03-24,11:00:47,11:03:59,192,N
C0959,unknown,old,2026-03-28,16:04:50,16:34:18,1768,N
C0960,unknown,young,2026-03-23,19:41:34,19:44:11,157,N
C0961,woman,young,2026-03-10,16:53:52,16:57:35,223,N
C0962,woman,old,2026-03-14,11:06:09,11:25:04,1135,Y
C0963,unknown,young,2026-03-12,16:42:21,16:53:02,641,Y
C0964,woman,young,2026-03-09,11:21:41,11:27:44,363,N
C0965,unknown,old,2026-03-25,13:48:16,14:12:38,1462,N
C0966,unknown,old,2026-03-11,17:44:16,18:24:03,2387,N
C0967,unknown,young,2026-03-25,12:09:33,12:30:14,1241,Y
C0968,man,old,2026-03-19,15:45:18,16:07:14,1316,Y
C0969,unknown,old,2026-03-16,21:28:43,21:49:50,1267,Y
C0970,unknown,young,2026-03-05,19:18:54,19:46:07,1633,N
C0971,unknown,young,2026-03-01,13:37:19,13:48:26,667,Y
C0972,woman,old,2026-03-24,18:47:55,19:24:11,2176,N
C0973,woman,young,2026-03-12,20:09:37,20:44:49,2112,N
C0974,unknown,old,2026-03-13,17:41:10,18:18:01,2211,N
C0975,man,old,2026-03-29,16:00:42,16:06:07,325,N
C0976,man,old,2026-03-07,13:09:17,13:18:26,549,Y
C0977,woman,old,2026-03-15,19:58:40,20:00:29,109,Y
C0978,unknown,young,2026-03-12,20:02:25,20:10:09,464,N
C0979,unknown,young,2026-03-09,18:34:54,19:12:36,2262,Y
C0980,man,old,2026-03-19,18:15:15,18:33:43,1108,Y
C0981,unknown,young,2026-03-08,21:45:29,21:58:35,786,Y
C0982,unknown,old,2026-03-18,14:05:47,14:19:45,838,Y
C0983,man,old,2026-03-02,13:14:15,13:47:49,2014,N
C0984,man,young,2026-03-11,20:04:12,20:37:51,2019,Y
C0985,woman,young,2026-03-16,13:06:34,13:22:14,940,N
C0986,woman,young,2026-03-19,16:55:57,17:04:33,516,N
C0987,unknown,young,2026-03-19,20:39:48,21:11:56,1928,Y
C0988,woman,old,2026-03-20,14:31:40,14:44:43,783,N
C0989,unknown,old,2026-03-17,14:41:19,15:00:21,1142,Y
C0990,woman,old,2026-03-22,18:32:19,19:03:21,1862,Y
C0991,man,old,2026-03-01,15:57:32,16:30:39,1987,N
C0992,man,young,2026-03-03,16:43:19,16:50:46,447,N
C0993,woman,young,2026-03-07,11:48:14,12:03:47,933,N
C0994,unknown,old,2026-03-11,18:30:06,18:51:35,1289,Y
C0995,unknown,young,2026-03-11,12:12:49,12:40:51,1682,Y
C0996,man,young,2026-03-11,18:30:41,19:00:08,1767,N
C0997,man,old,2026-03-16,14:23:09,14:45:03,1314,N
C0998,unknown,old,2026-03-27,21:20:28,21:42:29,1321,N
C0999,unknown,old,2026-03-25,16:00:48,16:29:23,1715,Y
C1000,woman,old,2026-03-21,12:29:49,12:49:32,1183,Y
